"conversation_id_str","created_at","favorite_count","full_text","id_str","image_url","in_reply_to_screen_name","lang","location","quote_count","reply_count","retweet_count","tweet_url","user_id_str","username"
"1884972334714437911","Thu Jan 30 14:30:00 +0000 2025","0","MENTERI Energi dan Sumber Daya Mineral (ESDM) Bahlil Lahadalia menduga pengelolaan minyak di Indonesia bermasalah sehingga pemerintah terus mengimpor minyak. Bahkan jumlahnya mencapai satu juta barel per hari (bph https://t.co/99UCm82Sed","1884972334714437911","","","in","Jakarta - Indonesia","0","0","0","https://x.com/mediaindonesia/status/1884972334714437911","68930552","mediaindonesia"
"1884959536831689156","Thu Jan 30 13:39:09 +0000 2025","0","Menteri ESDM Bahlil Lahadalia menanggapi kritik tentang rencana memensiunkan PLTU. Apa katanya? https://t.co/AZWwUE1GzZ","1884959536831689156","","","in","Jakarta, Indonesia","1","0","0","https://x.com/detikfinance/status/1884959536831689156","135795460","detikfinance"
"1884958023741034768","Thu Jan 30 13:33:08 +0000 2025","0","Menteri Energi dan Sumber Daya Mineral (ESDM) Bahlil Lahadalia menyoroti ketidakjelasan realisasi pendanaan yang dijanjikan negara-negara maju untuk mendukung transisi energi hijau di Indonesia https://t.co/ZxA6UyVab5 #VIRAL","1884958023741034768","","","in","Indonesia","0","0","0","https://x.com/Jurnalpatroli_/status/1884958023741034768","1507307226058223618","Jurnalpatroli_"
"1884957295907352905","Thu Jan 30 13:30:14 +0000 2025","0","Menteri Energi dan Sumber Daya Mineral (ESDM) Bahlil Lahadalia menyatakan wacana kampus dapat mengelola tambang dalam revisi Undang-Undang Mineral dan Batu Bara (Minerba) merupakan niat yang baik. Kalau mengikuti pemberitaan saya pikir ini sebuah niat yang baik ujar Bahlil. https://t.co/auYrEkqJSZ","1884957295907352905","https://pbs.twimg.com/media/Gii2op3XoAA0mcO.jpg","","in","Jakarta","0","0","0","https://x.com/Beritasatu/status/1884957295907352905","154102750","Beritasatu"
"1884957092307755061","Thu Jan 30 13:29:26 +0000 2025","101","Menteri ESDM Bahlil Lahadalia merespons penerapan RUU Minerba yang membahas hilirisasi dan pemberian izin pertambangan untuk ormas keagamaan perguruan tinggi dan UMKM. https://t.co/C2Lci7v2z0","1884957092307755061","https://pbs.twimg.com/media/GiipcVQbYAAIeBN.jpg","","in","Jakarta Capital Region","71","23","27","https://x.com/asumsico/status/1884957092307755061","829366551446818816","asumsico"
"1884936073601831029","Thu Jan 30 12:05:55 +0000 2025","0","MENTERI Energi dan Sumber Daya Mineral (ESDM) Bahlil Lahadalia menduga pengelolaan minyak di Indonesia bermasalah sehingga pemerintah terus mengimpor minyak. Bahkan jumlahnya mencapai satu juta barel per hari (bph https://t.co/99UCm83q3L","1884936073601831029","","","in","Jakarta - Indonesia","0","2","0","https://x.com/mediaindonesia/status/1884936073601831029","68930552","mediaindonesia"
"1884935928424341771","Thu Jan 30 12:05:20 +0000 2025","3","Menteri Energi dan Sumber Daya Mineral (ESDM) Bahlil Lahadalia menegaskan Indonesia tidak ingin terjebak dengan skenario kesepakatan iklim Perjanjian Paris atau Paris Agreement mengenai transisi energi. https://t.co/z1KY7xbuZP","1884935928424341771","","","in","Jakarta - Indonesia","15","2","1","https://x.com/mediaindonesia/status/1884935928424341771","68930552","mediaindonesia"
"1884934911607689584","Thu Jan 30 12:01:17 +0000 2025","0","MENTERI Energi dan Sumber Daya Mineral (ESDM) Bahlil Lahadalia membantah adanya kelangkaan pasokan LPG 3 kilogram (kg) di Jakarta. https://t.co/N7nifhmyIj","1884934911607689584","","","in","Jakarta - Indonesia","1","0","0","https://x.com/mediaindonesia/status/1884934911607689584","68930552","mediaindonesia"
"1884914136666280343","Thu Jan 30 10:38:44 +0000 2025","0","Bahlil Lahadalia: 54% BBM Indonesia Didatangkan dari Singapura https://t.co/ok59zKSY1Z https://t.co/Vu4hGRPEkl","1884914136666280343","https://pbs.twimg.com/media/GiiPabYa8AA4Acl.jpg","","in","","0","0","0","https://x.com/98liputan/status/1884914136666280343","1876277902817579008","98liputan"
"1884910738680004879","Thu Jan 30 10:25:14 +0000 2025","0","Soal Kampus Dapat Jatah Kelola Tambang Ini Kata Menteri ESDM Menteri ESD Bahlil Lahadalia menyebut RUU Minerba yang memberi kesempatan bagi kampus untuk mengelola tambang sebagai niat yang baik. https://t.co/sFqiS7LjKy https://t.co/nSCcmby9R6","1884910738680004879","https://pbs.twimg.com/media/GiiMU8mXkAAas01.jpg","","in","Solo, Central Java, Indonesia","0","0","0","https://x.com/soloposdotcom/status/1884910738680004879","155169715","soloposdotcom"
"1884903135459815767","Thu Jan 30 09:55:01 +0000 2025","0","Menteri ESDM Bahlil Lahadalia mengaku heran atas keputusan Pemerintahan Donald Trump menarik AS dari Paris Agreement. Ia menilai langkah ini menciptakan ketidakpastian bagi program energi baru terbarukan (EBT) di Indonesia. Simak selengkapnya: https://t.co/DiU1IEstiC https://t.co/P1hCDSmiTR","1884903135459815767","https://pbs.twimg.com/media/GiiFYP4b0AAnp8p.jpg","","in","Jakarta","0","0","1","https://x.com/BloombergTZ/status/1884903135459815767","1582972008479920129","BloombergTZ"
"1884898361947398182","Thu Jan 30 09:36:03 +0000 2025","0","Terungkap! Biang Kerok Energi Baru Terbarukan RI Masih di Bawah Target. Menteri ESDM Bahlil Lahadalia menjelaskan penyebab target bauran energi baru terbarukan 23% belum tercapai. https://t.co/VQhXkrkV6r","1884898361947398182","","","in","dʒəmɪrəˈwaɪ","1","0","0","https://x.com/drafdigital/status/1884898361947398182","7540702","drafdigital"
"1884896736638017719","Thu Jan 30 09:29:36 +0000 2025","0","Menteri Energi dan Sumber Daya Mineral (ESDM) Bahlil Lahadalia menilai penggunaan energi hijau atau energi baru dan terbarukan lebih cocok untuk kebutuhan industri daripada untuk konsumsi rumah tangga. https://t.co/g4NMFIfMgU","1884896736638017719","","","in","NKRI","0","0","0","https://x.com/antaranews/status/1884896736638017719","18071520","antaranews"
"1884895632885715211","Thu Jan 30 09:25:13 +0000 2025","0","Menteri ESDM Bahlil Lahadalia menanggapi usulan DPR agar perguruan tinggi mengelola tambang dalam revisi UU Minerba. Begini katanya. https://t.co/v7R2lJ1mSm","1884895632885715211","","","in","Jakarta, Indonesia","0","0","0","https://x.com/detikfinance/status/1884895632885715211","135795460","detikfinance"
"1884892277606416896","Thu Jan 30 09:11:53 +0000 2025","0","Menteri Energi dan Sumber Daya Mineral (ESDM) Bahlil Lahadalia memperingatkan operator proyek LNG Blok Masela di Kabupaten Kepulauan Tanimbar Maluku untuk segera memulai pekerjaan produksi. https://t.co/Ebsp4u1rpK","1884892277606416896","","","in","NKRI","0","0","0","https://x.com/antaranews/status/1884892277606416896","18071520","antaranews"
"1884889187935031414","Thu Jan 30 08:59:36 +0000 2025","0","Menteri ESDM: Pemerintah Batasi Pembelian LPG 3 Kg Menteri ESDM Bahlil Lahadalia menegaskan pemerintah sedang melakukan pembatasan pembelian gas LPG 3 kg. https://t.co/CN57aiYbOX https://t.co/U0BGRqoAMe","1884889187935031414","https://pbs.twimg.com/media/Gih4ujRWcAA5KnY.jpg","","in","Solo, Central Java, Indonesia","0","1","0","https://x.com/soloposdotcom/status/1884889187935031414","155169715","soloposdotcom"
"1884886368117281046","Thu Jan 30 08:48:24 +0000 2025","0","Mininster Bahlil Lahadalia to Slash Indonesia s Crude Oil Exports in 2025 https://t.co/xGmbqmviFr","1884886368117281046","","","in","","0","0","0","https://x.com/berkebunbareng/status/1884886368117281046","1306952308375207936","berkebunbareng"
"1884883011264491879","Thu Jan 30 08:35:03 +0000 2025","0","RI Diminta Pensiunkan PLTU Bahlil Bilang Begini. Menteri ESDM Bahlil Lahadalia menanggapi kritik tentang rencana memensiunkan PLTU menekankan perlunya dukungan dana yang belum terealisasi dari JETP. https://t.co/tz4ZcFZtQT","1884883011264491879","","","in","dʒəmɪrəˈwaɪ","1","0","0","https://x.com/drafdigital/status/1884883011264491879","7540702","drafdigital"
"1884873115454656959","Thu Jan 30 07:55:44 +0000 2025","0","Menteri Energi dan Sumber Daya Mineral (ESDM) Bahlil Lahadalia menunggu pembiayaan dari lembaga donor untuk mengeksekusi pemensiunan dini pembangkit listrik tenaga uap (PLTU) di Indonesia.https://t.co/gxNMmVADyw","1884873115454656959","","","in","","0","0","0","https://x.com/ANTARABengkulu/status/1884873115454656959","423220305","ANTARABengkulu"
"1884869878261469336","Thu Jan 30 07:42:52 +0000 2025","3","MENTERI Energi dan Sumber Daya Mineral (ESDM) Bahlil Lahadalia membantah adanya kelangkaan pasokan LPG 3 kilogram (kg) di Jakarta. Ini merespons video viral sosial media yang memperlihatkan sejumlah warga mengantre untuk membeli LPG 3 kg di depan toko gas disebutkan dalam https://t.co/rxZBcKInT9","1884869878261469336","https://pbs.twimg.com/ext_tw_video_thumb/1884867508496453632/pu/img/wro5j8tFwByeFLhO.jpg","","in","Jakarta - Indonesia","0","11","1","https://x.com/mediaindonesia/status/1884869878261469336","68930552","mediaindonesia"
"1884861918219006045","Thu Jan 30 07:11:15 +0000 2025","0","Menteri ESDM Bahlil Lahadalia menegaskan bahwa diskon listrik 50 persen hanya berlaku hingga Februari 2025. Ini berarti diskon listrik akan berakhir pada 28 Februari 2025 !! . . https://t.co/wTiMktZdqZ Abidzar Banjir Siang Red Sparks https://t.co/SiwucXNQeb","1884861918219006045","https://pbs.twimg.com/media/Gihf5-abUAAoLfJ.jpg","","in","","0","0","0","https://x.com/najlaahyy/status/1884861918219006045","863371195697307648","najlaahyy"
"1884852665320116387","Thu Jan 30 06:34:28 +0000 2025","12","Menteri Energi dan Sumber Daya Mineral (ESDM) Bahlil Lahadalia berencana memangkas ekspor minyak mentah Indonesia hampir setengah dari target yang telah ditetapkan untuk tahun 2025. Dari perkiraan ekspor 28 juta barel sekitar 12-13 juta barel akan dialihkan ke kilang dalam https://t.co/tKgU3RxUZr","1884852665320116387","https://pbs.twimg.com/media/GihXQzKa8AANXi4.jpg","","in","","0","2","4","https://x.com/kumparan/status/1884852665320116387","759692754985242625","kumparan"
"1884842325031186785","Thu Jan 30 05:53:23 +0000 2025","0","Menteri Energi dan Sumber Daya Mineral (ESDM) Bahlil Lahadalia menyampaikan bahwa keluarnya Amerika Serikat dari Perjanjian Iklim Paris atau Paris Agreement membuat Indonesia dilema dalam mengembangkan energi baru dan energi terbarukan. https://t.co/aAozwwUDye","1884842325031186785","","","in","NKRI","1","0","0","https://x.com/antaranews/status/1884842325031186785","18071520","antaranews"
"1884828124967522776","Thu Jan 30 04:56:58 +0000 2025","0","Menteri ESDM Bahlil Lahadalia Bakal Pangkas Ekspor Minyak Mentah Hingga Separuh Target 2025 #partaigolkar #golkarindonesia #bahlillahadalia #golkarpedia #GolkarSolid https://t.co/57wuoVxzhE https://t.co/FhKJubKg6s","1884828124967522776","https://pbs.twimg.com/media/GihBLpgbsAAVv3d.jpg","","in","Dibawah, Naungan Beringin","0","0","1","https://x.com/GolkarSolid/status/1884828124967522776","1563769423248642048","GolkarSolid"
"1884813538306470146","Thu Jan 30 03:59:00 +0000 2025","7","Menteri ESDM Bahlil Lahadalia Ajak India Investasi Sektor Energi Terbarukan di Indonesia #bahlillahadalia #kuningkeren #golkarindonesia #partaigolkar #golkarpedia https://t.co/isucgarlNA","1884813538306470146","","","in","DKI Jakarta, Indonesia","0","1","50","https://x.com/golkarpedia/status/1884813538306470146","721898354502930433","golkarpedia"
"1884807242882720049","Thu Jan 30 03:33:59 +0000 2025","0","Kebijakan Bahlil Lahadalia Dinilai Bisa Merugikan Negara CERI; Bahasa Langit ENTIK Modus Mengecoh Publik https://t.co/m3PKzmcPRE @humasskkmigas @golkar_id @pertamina @KemenBUMN","1884807242882720049","","","in","Riau, Indonesia","0","0","0","https://x.com/WebOkeLine/status/1884807242882720049","2457396535","WebOkeLine"
"1884805613043249393","Thu Jan 30 03:27:32 +0000 2025","0","turut memperkuat ketahanan energi nasional. Diresmikan secara online oleh Presiden RI Prabowo Subianto bersama 35 proyek strategis lainnya milik PLN dengan total kapasitas 3 2 GW turut dihadiri oleh Menteri BUMN Erick Thohir Menteri ESDM Bahlil Lahadalia -","1884805618336497714","","BUMN_YK_dekat","in","","0","1","0","https://x.com/BUMN_YK_dekat/status/1884805618336497714","1879815662438391808","BUMN_YK_dekat"
"1884783339481223216","Thu Jan 30 01:59:00 +0000 2025","5","Menteri ESDM Bahlil Lahadalia Setop Impor Minyak Mentah Utamakan Pengolahan Dalam Negeri #bahlillahadalia #kuningkeren #golkarindonesia #partaigolkar #golkarpedia https://t.co/a6nZmPXcZA","1884783339481223216","","","in","DKI Jakarta, Indonesia","0","0","50","https://x.com/golkarpedia/status/1884783339481223216","721898354502930433","golkarpedia"
"1884542000067682707","Wed Jan 29 10:00:00 +0000 2025","1","Menteri ESDM Bahlil Lahadalia Wajibkan SKK Migas Dan Pertamina Olah Minyak Mentah di Kilang Dalam Negeri https://t.co/q4Uqhj2hOw","1884542000067682707","","","in","Indonesia","0","0","1","https://x.com/politiknesiacom/status/1884542000067682707","1953620240","politiknesiacom"
"1884526647858118702","Wed Jan 29 08:59:00 +0000 2025","6","Genjot Hilirisasi Menteri ESDM Bahlil Lahadalia Tegaskan India Mitra Utama Rantai Pasok Global #bahlillahadalia #kuningkeren #golkarindonesia #partaigolkar #golkarpedia https://t.co/chOZuLpc3m","1884526647858118702","","","in","DKI Jakarta, Indonesia","0","0","50","https://x.com/golkarpedia/status/1884526647858118702","721898354502930433","golkarpedia"
"1884465890525340129","Wed Jan 29 04:57:34 +0000 2025","2","3 2 GIGA WATT!! peresmian 37 Proyek Ketenagalistrikan Indonesia Menteri ESDM Bahlil Lahadalia #golkarindonesia #golkarsolid #golkarpedia #bahlillahadalia https://t.co/MVmyXc8FZh","1884465890525340129","https://pbs.twimg.com/ext_tw_video_thumb/1884465811122991104/pu/img/ZkdFYqlFJ7SaPgvI.jpg","","in","","0","0","0","https://x.com/squadgolkar/status/1884465890525340129","1593171387057049600","squadgolkar"
"1884445160710578685","Wed Jan 29 03:35:12 +0000 2025","8","DPP Partai Golkar Mengucapkan: Selamat Tahun Baru Imlek 2576 Kongzili Gong Xi Fa Cai Ketua Umum Bahlil Lahadalia Sekjen M. Sarmuji Bendahara Umum Sari Yuliati #partaigolkar #golkarindonesia #bahlillahadalia #golkarpedia https://t.co/nkoU10m1jj","1884445160710578685","https://pbs.twimg.com/media/Gibk4txboAAf-EM.jpg","","in","DKI Jakarta, Indonesia","0","0","43","https://x.com/golkarpedia/status/1884445160710578685","721898354502930433","golkarpedia"
"1884412438688497835","Wed Jan 29 01:25:10 +0000 2025","1","Menteri ESDM Bahlil Lahadalia Ajak India Investasi Sektor Energi Terbarukan di Indonesia Menteri Energi dan Sumber Daya Mineral (ESDM) Bahlil Lahadalia https://t.co/MC4oTBCreD #golkarindonesia #golkarsolid #partaigolkar #golkarpedia #bahlillahadalia https://t.co/RF9cdNAxoJ","1884412438688497835","https://pbs.twimg.com/media/GibHIF9boAAUzQO.jpg","","in","","0","0","2","https://x.com/squadgolkar/status/1884412438688497835","1593171387057049600","squadgolkar"
"1884406110469468267","Wed Jan 29 01:00:01 +0000 2025","0","Menteri ESDM Bahlil Lahadalia Ajak India Investasi Sektor Energi Terbarukan di Indonesia https://t.co/kuXtMJXBi8","1884406110469468267","","","in","Indonesia","0","0","2","https://x.com/politiknesiacom/status/1884406110469468267","1953620240","politiknesiacom"
"1884239757716381925","Tue Jan 28 13:59:00 +0000 2025","6","AMPG Yakin Bahlil Lahadalia Mampu Bawa Partai Golkar Jadi Rumah Anak Muda #bahlillahadalia #kuningkeren #golkarindonesia #partaigolkar #golkarpedia https://t.co/BdSgpPrExS","1884239757716381925","","","in","DKI Jakarta, Indonesia","0","0","43","https://x.com/golkarpedia/status/1884239757716381925","721898354502930433","golkarpedia"
"1884209333606793574","Tue Jan 28 11:58:06 +0000 2025","3","Genjot Hilirisasi Menteri ESDM Bahlil Lahadalia Tegaskan India Mitra Utama Rantai Pasok Global https://t.co/zNdVxthMcW #partaigolkar #golkarpedia #bahlillahadalia #golkarindonesia #BahlilLahadalia https://t.co/ASab6SN7As","1884209333606793574","https://pbs.twimg.com/ext_tw_video_thumb/1884209305873965059/pu/img/2ATY2p6XKBSQnWF5.jpg","","in","","0","0","3","https://x.com/Golkar_News/status/1884209333606793574","1576559606083424256","Golkar_News"
"1884137830236201439","Tue Jan 28 07:13:58 +0000 2025","11","Spektrum alumni UI: Nicholas Saputra di satu ujung dan Bahlil Lahadalia di ujung lainnya","1884137830236201439","","","in","Indonesia","1","0","3","https://x.com/ValenteHardy/status/1884137830236201439","1131161535722676226","ValenteHardy"
"1884130224935428471","Tue Jan 28 06:43:45 +0000 2025","2","Menteri ESDM Bahlil Lahadalia Setop Impor Minyak Mentah Utamakan Pengolahan Dalam Negeri #partaigolkar #golkarindonesia #bahlillahadalia #golkarpedia #GolkarSolid https://t.co/gDUzaGyAL5 https://t.co/KA5mvwSLLa","1884130224935428471","https://pbs.twimg.com/media/GiXGcfpaYAQgkgT.jpg","","in","Dibawah, Naungan Beringin","0","0","2","https://x.com/GolkarSolid/status/1884130224935428471","1563769423248642048","GolkarSolid"
"1884096563682611579","Tue Jan 28 04:30:00 +0000 2025","0","Genjot Hilirisasi Menteri ESDM Bahlil Lahadalia: India Mitra Utama Rantai Pasok Global https://t.co/OaPJPfR4sz","1884096563682611579","","","in","Indonesia","0","0","2","https://x.com/politiknesiacom/status/1884096563682611579","1953620240","politiknesiacom"
"1884043463848534162","Tue Jan 28 00:59:00 +0000 2025","6","Sekjen Satkar Ulama Syamsurachman Yakin Bahlil Lahadalia Mampu Wujudkan Swasembada Energi #bahlillahadalia #kuningkeren #golkarindonesia #partaigolkar #golkarpedia https://t.co/AzljY3biCn","1884043463848534162","","","in","DKI Jakarta, Indonesia","0","0","43","https://x.com/golkarpedia/status/1884043463848534162","721898354502930433","golkarpedia"
"1883888877347516615","Mon Jan 27 14:44:43 +0000 2025","1","Genjot Hilirisasi Menteri ESDM Bahlil Lahadalia Tegaskan India Mitra Utama Rantai Pasok Global #partaigolkar #golkarindonesia #bahlillahadalia #golkarpedia #GolkarSolid https://t.co/7QcvU62oBQ https://t.co/93Cs6UgQXn","1883888877347516615","https://pbs.twimg.com/media/GiTq76qbsAIAp5B.jpg","","in","Dibawah, Naungan Beringin","0","0","1","https://x.com/GolkarSolid/status/1883888877347516615","1563769423248642048","GolkarSolid"
"1883877781710254382","Mon Jan 27 14:00:38 +0000 2025","2","Pemerintah Indonesia terus mendorong kebijakan hilirisasi mineral untuk memperkuat ketahanan ekonomi nasional. Dalam kunjungan kerja Presiden Prabowo Subianto ke India Menteri Energi dan Sumber Daya Mineral (ESDM) Bahlil Lahadalia menyatakan bahwa Indonesia membuka peluang kerja https://t.co/NjUpbHaw4O","1883877781710254382","https://pbs.twimg.com/media/GiTg14YXUAAC02A.jpg","","in","Jakarta","0","0","0","https://x.com/Beritasatu/status/1883877781710254382","154102750","Beritasatu"
"1883877631797694698","Mon Jan 27 14:00:02 +0000 2025","0","Menteri ESDM Bahlil Lahadalia Bakal Tambah Jaringan Transmisi Listrik 48 Ribu Kilometer https://t.co/evg5W28wPu","1883877631797694698","","","in","Indonesia","0","1","2","https://x.com/politiknesiacom/status/1883877631797694698","1953620240","politiknesiacom"
"1883742654950945251","Mon Jan 27 08:56:05 +0000 2025","5","@arok07_arok @aingriwehuy Ternak STY sampe akhir hayat gak bakalan move on. ET Out gak masalah: 1) La Nyala Mataliti. 2) Bahlil Lahadalia. 3) Bambang Pacul. 4) Nurdin Halid. Ready","1883801137629048901","","arok07_arok","in","","0","4","0","https://x.com/el_sulfat/status/1883801137629048901","125235427","el_sulfat"
"1883774032644018273","Mon Jan 27 07:08:22 +0000 2025","6","DPP Partai Golkar Mengucapkan: Selamat Memperingati Isra Mi'raj 27 Rajab 1446 H Ketua Umum Bahlil Lahadalia Sekjen M. Sarmuji Bendahara Umum Sari Yuliati #partaigolkar #golkarindonesia #bahlillahadalia #golkarpedia https://t.co/yRYMcVHcQN","1883774032644018273","https://pbs.twimg.com/media/GiSCf5_asAAbPmG.jpg","","in","DKI Jakarta, Indonesia","0","0","45","https://x.com/golkarpedia/status/1883774032644018273","721898354502930433","golkarpedia"
"1883771927111614504","Mon Jan 27 07:00:00 +0000 2025","0","Menteri ESDM Bahlil Lahadalia Larang Ekspor Listrik Ke Singapura Jika Kebutuhan Lokal Belum Terpenuhi https://t.co/ZCmdzGvrt7","1883771927111614504","","","in","Indonesia","0","0","1","https://x.com/politiknesiacom/status/1883771927111614504","1953620240","politiknesiacom"
"1883742866423554364","Mon Jan 27 05:04:32 +0000 2025","1","MENTERI Energi dan Sumber Daya Mineral (ESDM) Bahlil Lahadalia menegaskan India menjadi mitra penting bagi Indonesia untuk menggenjot investasi hilirisasi di Tanah Air. https://t.co/PtRs1aHUKC","1883742866423554364","","","in","Jakarta - Indonesia","1","1","0","https://x.com/mediaindonesia/status/1883742866423554364","68930552","mediaindonesia"
"1883726642729603220","Mon Jan 27 04:00:04 +0000 2025","0","Pemerintah Dorong Kebijakan Hilirisasi Komoditas. Pemerintah terus mendorong kebijakan hilirisasi komoditas khususnya mineral dan batu bara. Hal itu disampaikan Menteri ESDM Bahlil Lahadalia. https://t.co/EfL2KS3tTw","1883726642729603220","","","in","dʒəmɪrəˈwaɪ","0","0","0","https://x.com/drafdigital/status/1883726642729603220","7540702","drafdigital"
"1883726171432538280","Mon Jan 27 03:58:11 +0000 2025","0","Pemerintah terus mendorong kebijakan hilirisasi komoditas khususnya mineral dan batu bara. Hal itu disampaikan Menteri ESDM Bahlil Lahadalia. https://t.co/kj6WR75m6k","1883726171432538280","","","in","Jakarta, Indonesia","0","0","0","https://x.com/detikfinance/status/1883726171432538280","135795460","detikfinance"
"1883721543836168392","Mon Jan 27 03:39:57 +0000 2025","0","Menteri Kebudayaan Fadli Zon Menteri Kesehatan Budi Gunadi Sadikin Menteri Energi dan Sumber Daya Mineral (ESDM) Bahlil Lahadalia Menteri Komunikasi dan Digital Meutya Hafid Sekretaris Kabinet Teddy Indra Wijaya dan Duta Besar RI di New Delhi Ina Krisnamurthi.","1883721579437470031","","SitiSumiran","in","","0","0","0","https://x.com/SitiSumiran/status/1883721579437470031","3706597332","SitiSumiran"
"1883160049125830891","Mon Jan 27 03:11:02 +0000 2025","1","@PineksoRoyi1 @BocorAlusPol @antikorupsi @sahabatICW @walhinasional @aliansibem_si Yes tolong kuliti Bahlil Lahadalia bro.","1883714302491910511","","PineksoRoyi1","in","Indonesia","0","0","0","https://x.com/_bsutanto/status/1883714302491910511","1564243009","_bsutanto"
"1883683361409151277","Mon Jan 27 01:08:05 +0000 2025","6","Khusyu Memperingati Isra' Mi'raj 27 Rajab 1446 H dengan Twibbon Bersama Ketua Umum DPP Partai Golkar Bahlil Lahadalia https://t.co/DRiGMNIy7X #partaigolkar #golkarindonesia #bahlillahadalia #golkarpedia #isramiraj1446h #isramiraj2025 https://t.co/pN77TWNrlZ","1883683361409151277","https://pbs.twimg.com/media/GiQwCNqbIAAGm97.jpg","","in","DKI Jakarta, Indonesia","0","3","45","https://x.com/golkarpedia/status/1883683361409151277","721898354502930433","golkarpedia"
"1883514981951660234","Sun Jan 26 13:59:00 +0000 2025","6","Menteri ESDM Bahlil Lahadalia Bakal Bangun Transmisi Listrik Sepanjang 48 Ribu Kilometer #bahlillahadalia #kuningkeren #golkarindonesia #partaigolkar #golkarpedia https://t.co/GfW1YhQaLk","1883514981951660234","","","in","DKI Jakarta, Indonesia","0","0","40","https://x.com/golkarpedia/status/1883514981951660234","721898354502930433","golkarpedia"
"1883506888924405847","Sun Jan 26 13:26:50 +0000 2025","2","Pemerintah Indonesia mengunjungi India untuk menarik investasi di industri nikel dan batu bara. Menteri ESDM Bahlil Lahadalia menekankan pentingnya hilirisasi untuk memperkuat ekonomi nasional. Baca disini https://t.co/qirENiMEnM #LawJustice #News #Tambang #Nikel #India https://t.co/AnF0lGLpbR","1883506888924405847","https://pbs.twimg.com/media/GiOPh8gWkAATJDc.jpg","","in","Jakarta, Indonesia","0","0","1","https://x.com/lawjusticeco/status/1883506888924405847","567966875","lawjusticeco"
"1883474955817586877","Sun Jan 26 11:19:57 +0000 2025","5","INDONESIA-INDIA KERJA SAMA ENERGI DUKUNG TAGET SWASEMBADA NASIONAL Halo #SobatEnergi Menteri Energi dan Sumber Daya Mineral (ESDM) Bahlil Lahadalia turut mendampingi Presiden RI Prabowo Subianto dalam kunjungan kenegaraannya ke New Delhi India. https://t.co/VD5EIAgygD","1883474955817586877","https://pbs.twimg.com/media/GiNyfS9b0AAhnfR.jpg","","in","Jakarta Pusat, DKI Jakarta","0","6","0","https://x.com/KementerianESDM/status/1883474955817586877","1138467176","KementerianESDM"
"1883445800229052633","Sun Jan 26 09:24:16 +0000 2025","11","Diskusi yang dilakukan kedua pemimpin negara mencakup berbagai sektor mulai dari perdagangan investasi hingga pendidikan dan pertahanan. https://t.co/swpKwELi6K","1883445842763472918","https://pbs.twimg.com/media/GiNX-vubkAA7ww4.jpg","bahlillahadalia","in","","5","147","1","https://x.com/bahlillahadalia/status/1883445842763472918","1135811630728540160","bahlillahadalia"
"1883445800229052633","Sun Jan 26 09:24:06 +0000 2025","39","Pertemuan bilateral antara Bapak Presiden Jenderal TNI (Purn) @prabowo dengan Perdana Menteri India Narendra Modi di New Delhi semakin memperkuat kemitraan strategis Indonesia-India. https://t.co/pK3FboKsGI","1883445800229052633","https://pbs.twimg.com/media/GiNX9xdbkAAsLD3.jpg","","in","","15","924","4","https://x.com/bahlillahadalia/status/1883445800229052633","1135811630728540160","bahlillahadalia"
"1883439484374798814","Sun Jan 26 08:59:00 +0000 2025","5","Menteri ESDM Bahlil Lahadalia Pastikan Diskon 50 Persen Tarif Listrik Tak Diperpanjang #bahlillahadalia #kuningkeren #golkarindonesia #partaigolkar #golkarpedia https://t.co/Ffpso9W2IV","1883439484374798814","","","in","DKI Jakarta, Indonesia","0","1","45","https://x.com/golkarpedia/status/1883439484374798814","721898354502930433","golkarpedia"
"1883428754023649505","Sun Jan 26 08:16:22 +0000 2025","0","Menteri ESDM Bahlil Lahadalia mengajak pemerintah India untuk memperkuat kerja sama antar kedua negara di sektor energi. https://t.co/NaAw7sOADD","1883428754023649505","","","in","Jakarta, Indonesia","0","0","0","https://x.com/detikfinance/status/1883428754023649505","135795460","detikfinance"
"1883426792004010154","Sun Jan 26 08:08:34 +0000 2025","0","Menteri Energi dan Sumber Daya Mineral (ESDM) Bahlil Lahadalia mengatakan India memiliki peluang untuk mendukung hilirisasi sektor batu bara serta berinvestasi pada mineral kritis seperti nikel yang penting untuk pengembangan baterai kendaraan listrik. https://t.co/LwUF2pJK1W","1883426792004010154","","","in","Jawa Timur","0","0","0","https://x.com/ANTARAJatim_/status/1883426792004010154","1557190679553769473","ANTARAJatim_"
"1883411818967712173","Sun Jan 26 07:09:04 +0000 2025","0","RI Mau Gandeng India Geber Proyek EBT. Menteri ESDM Bahlil Lahadalia mengajak pemerintah India untuk memperkuat kerja sama antar kedua negara di sektor energi. https://t.co/j7QJSuMHoQ","1883411818967712173","","","in","dʒəmɪrəˈwaɪ","0","0","0","https://x.com/drafdigital/status/1883411818967712173","7540702","drafdigital"
"1883351105230532923","Sun Jan 26 03:07:49 +0000 2025","0","25 Januari 2025 Menteri Bahlil Lahadalia mendampingi Presiden Republik Indonesia @prabowo dalam Upacara Kenegaraan di Istana Rashtrapati Bhavan New Delhi. Source : @melangkahdaritimur.id #politikindonesia #politik #indonesia #opposite #saveourdemocracy #aktivis #pemilu https://t.co/kv0I0Gqeq2","1883351105230532923","https://pbs.twimg.com/ext_tw_video_thumb/1883351000158973952/pu/img/rswznv9TDPYhvy2l.jpg","","in","","0","0","0","https://x.com/daulatrakyatcom/status/1883351105230532923","1679896540285120512","daulatrakyatcom"
"1883101037223129511","Sun Jan 26 00:18:51 +0000 2025","0","@bahassoalfess Kasus Bahlil Lahadalia","1883308587084382396","","bahassoalfess","in","","0","1","0","https://x.com/mudengify/status/1883308587084382396","1692795914669420544","mudengify"
"1883182170338140317","Sat Jan 25 15:56:31 +0000 2025","10","Menteri berkinerja buruk spnjang 100 Hari Pemerintahan Prabowo Gibran: 1. Natalius Pigai menteri HAM 2. Budi Arie Setiadi menteri koperasi 3. Bahlil Lahadalia menteri ESDM 4. Raja Juli Antoni menteri kehutanan 5. Yandri Susanto menteri desa Sumber:CELIOS #JokowiAguanMafiaTanah https://t.co/755YN6tzfh","1883182170338140317","https://pbs.twimg.com/amplify_video_thumb/1883182039073263616/img/mZhzF7jTef2m7ovu.jpg","","in","","0","0","3","https://x.com/Zay34562/status/1883182170338140317","1541060230083006470","Zay34562"
"1883022528765120947","Sat Jan 25 05:22:29 +0000 2025","3","Bahlil Lahadalia sebagai Menteri ESDM dari gelar doktoral sampai keputusan-keputusan soal PLTU mengundang kontroversi. #PantauPrabowo https://t.co/aDFRPdO7FB","1883022611007107367","https://pbs.twimg.com/media/GiHXFEzaAAAx5A_.jpg","ConversationIDN","in","Jakarta Capital Region","0","1","0","https://x.com/ConversationIDN/status/1883022611007107367","892211698030989312","ConversationIDN"
"1882999214550257713","Sat Jan 25 03:49:31 +0000 2025","0","Bahlil Lahadalia Larang Ekspor Listrik Jika Masalah Ini Belum Selesai Rabu 22/01/2025 12:01 WIB https://t.co/w3ssrtSaSp","1882999214550257713","","","in","Indonesia","0","0","0","https://x.com/ilhamiasnawi/status/1882999214550257713","305657272","ilhamiasnawi"
"1882971399851065634","Sat Jan 25 01:59:00 +0000 2025","5","Bahlil Lahadalia Ungkap Kebijakan HGBT Bakal Diperpanjang Tetapi Harga Bakal Dinaikkan #bahlillahadalia #kuningkeren #golkarindonesia #partaigolkar #golkarpedia https://t.co/6Tve2xCGTv","1882971399851065634","","","in","DKI Jakarta, Indonesia","0","0","40","https://x.com/golkarpedia/status/1882971399851065634","721898354502930433","golkarpedia"
"1882760007097446738","Fri Jan 24 11:59:00 +0000 2025","7","Menteri ESDM Bahlil Lahadalia Larang Ekspor Listrik Ke Singapura Jika Kebutuhan Dalam Negeri Belum Selesai #bahlillahadalia #kuningkeren #golkarindonesia #partaigolkar #golkarpedia https://t.co/A6Mqgvf9IC","1882760007097446738","","","in","DKI Jakarta, Indonesia","0","0","43","https://x.com/golkarpedia/status/1882760007097446738","721898354502930433","golkarpedia"
"1882699862002856235","Fri Jan 24 08:00:00 +0000 2025","1","Idrus Marham Soal Rapor Merah Untuk Bahlil Lahadalia: Menyesatkan! https://t.co/YOvw6ONGjA","1882699862002856235","","","in","","0","0","4","https://x.com/radaraktual/status/1882699862002856235","853782937782714368","radaraktual"
"1882684509583450145","Fri Jan 24 06:59:00 +0000 2025","6","Idrus Marham Soal Celios Sebut Kinerja Bahlil Lahadalia Buruk: Tidak Objektif dan Tidak Realistis! #bahlillahadalia #kuningkeren #golkarindonesia #partaigolkar #golkarpedia https://t.co/kUyq2c8aww","1882684509583450145","","","in","DKI Jakarta, Indonesia","0","0","41","https://x.com/golkarpedia/status/1882684509583450145","721898354502930433","golkarpedia"
"1882684385817980930","Fri Jan 24 06:58:30 +0000 2025","2","Presiden Prabowo Subianto tiba di Indonesia pada 23 Januari pukul 22.25 waktu setempat. Kedatangan Prabowo disambut oleh Persatuan Pelajar Indonesia (PPI) India dan sejumlah menteri seperti Menteri ESDM Bahlil Lahadalia dan Menteri Komdigi Meutya Hafid. Pada lawatan perdananya https://t.co/gO3RomdOxA","1882684385817980930","https://pbs.twimg.com/amplify_video_thumb/1882684138454675456/img/2UDkZ9P-fiigiykF.jpg","","in","Jakarta","0","2","0","https://x.com/jawapos/status/1882684385817980930","2392460208","jawapos"
"1882654439066234901","Fri Jan 24 04:59:30 +0000 2025","0","we listen we dont judge imo Bahlil Lahadalia itu nama yg bagus dan kedengeran keren bgt sayang rupa dan kelakuan si empunya tidak demikian","1882654439066234901","","","in","Tangerang, Indonesia","0","0","0","https://x.com/kvnrhbny/status/1882654439066234901","1658306075437965312","kvnrhbny"
"1882645059629408754","Fri Jan 24 04:22:14 +0000 2025","1","Presiden Prabowo Subianto tiba di Indonesia pada 23 Januari pukul 22.25 waktu setempat. Kedatangan Prabowo disambut oleh Persatuan Pelajar Indonesia (PPI) India dan sejumlah menteri seperti Menteri ESDM Bahlil Lahadalia dan Menteri Komdigi Meutya Hafid. Pada lawatan perdananya https://t.co/iIH72tl37v","1882645059629408754","https://pbs.twimg.com/amplify_video_thumb/1882644941098401792/img/-6cqYHXtwudPaxSi.jpg","","in","Jakarta","0","0","0","https://x.com/jawapos/status/1882645059629408754","2392460208","jawapos"
"1882639466197622914","Fri Jan 24 04:00:01 +0000 2025","0","Partai Golkar Kritik Keras Celios Yang Nilai Kinerja Menteri ESDM Bahlil Lahadalia Buruk https://t.co/6CNLCUmI8y","1882639466197622914","","","in","Indonesia","0","0","2","https://x.com/politiknesiacom/status/1882639466197622914","1953620240","politiknesiacom"
"1882636542621237403","Fri Jan 24 03:48:24 +0000 2025","4","Sekjen Partai Golkar Sarmuji membela ketua umumnya soal hasil survei Celios yang menempatkan Menteri ESDM Bahlil Lahadalia sebagai satu dari 10 menteri dengan kinerja buruk dalam 100 hari masa pemerintahan Prabowo-Gibran. &lt; #BahlilLahadalia #Golkar https://t.co/2FvmjB5HqE","1882636542621237403","","","in","Jakarta","0","0","0","https://x.com/kompascom/status/1882636542621237403","23343960","kompascom"
"1882616923034394844","Fri Jan 24 02:30:26 +0000 2025","29","Menteri brkinerja buruk spnjng 100 Hari Pemerintahn Prabowo Gibran: 1. Natalius Pigai menteri HAM 2. Budi Arie Setiadi menteri koperasi 3. Bahlil Lahadalia menteri ESDM 4. Raja Juli Antoni menteri kehutanan 5. Yandri Susanto menteri desa Sumber:CELIOS #TangkapGantungJokoWidodo https://t.co/iUqCR3Kn75","1882616923034394844","https://pbs.twimg.com/amplify_video_thumb/1882616859767558144/img/J5ORV2fObHb7zpf4.jpg","","in","","0","1","23","https://x.com/Zay34562/status/1882616923034394844","1541060230083006470","Zay34562"
"1882609269394092261","Fri Jan 24 02:00:01 +0000 2025","1","Genjot Produksi Minyak Menteri ESDM Bahlil Lahadalia Tawarkan 60 Blok Migas Baru https://t.co/z1Nub3ZQ4U","1882609269394092261","","","in","Indonesia","0","1","2","https://x.com/politiknesiacom/status/1882609269394092261","1953620240","politiknesiacom"
"1882593912591614374","Fri Jan 24 00:59:00 +0000 2025","6","Menteri ESDM Bahlil Lahadalia Ungkap Jaringan Transmisi Jadi Kendala Pembangunan Energi Terbarukan #bahlillahadalia #kuningkeren #golkarindonesia #partaigolkar #golkarpedia https://t.co/flg5nUvbte","1882593912591614374","","","in","DKI Jakarta, Indonesia","0","0","41","https://x.com/golkarpedia/status/1882593912591614374","721898354502930433","golkarpedia"
"1882563970533593130","Thu Jan 23 23:00:01 +0000 2025","0","Menteri ESDM Bahlil Lahadalia: Harga Gas Murah industri Naik Jadi USD 7 Per MMBTU https://t.co/alp9T0oxsf","1882563970533593130","","","in","Indonesia","0","0","3","https://x.com/politiknesiacom/status/1882563970533593130","1953620240","politiknesiacom"
"1882433192172687670","Thu Jan 23 14:20:21 +0000 2025","1","Presiden Republik Indonesia Prabowo Subianto didampingi Menteri ESDM Bahlil Lahadalia meresmikan 37 proyek strategis ketenagalistrikan yang dipusatkan di Pembangkit Listrik Tenaga Air Jatigede Sumedang Jawa Barat #PLNuntukIndonesia #TheTraitors #CTWCNY2025 https://t.co/Pv3J450qbP","1882433192172687670","https://pbs.twimg.com/ext_tw_video_thumb/1882433115484037120/pu/img/sGtA0aqfjdMxM7j_.jpg","","in","","0","0","0","https://x.com/resa_gita23/status/1882433192172687670","1729525065107312640","resa_gita23"
"1882412811000897610","Thu Jan 23 12:59:22 +0000 2025","1","Presiden Republik Indonesia Prabowo Subianto didampingi Menteri ESDM Bahlil Lahadalia meresmikan 37 proyek strategis ketenagalistrikan yang dipusatkan di Pembangkit Listrik Tenaga Air Jatigede Sumedang Jawa Barat #PLNuntukIndonesia #SkyNani #heleners https://t.co/pQbbyl8Y8i","1882412811000897610","https://pbs.twimg.com/ext_tw_video_thumb/1882412757531959296/pu/img/EiP2QyDFWQodAbla.jpg","","in","","0","0","0","https://x.com/fitri_yaaaa/status/1882412811000897610","1663916342527811586","fitri_yaaaa"
"1882356404868227079","Thu Jan 23 09:15:14 +0000 2025","2","Bahlil Lahadalia Ungkap Kebijakan HGBT Bakal Diperpanjang Tetapi Harga Bakal Dinaikkan #bahlillahadalia #kuningkeren #golkarindonesia #partaigolkar #golkarpedia https://t.co/G8tSpYBDaz https://t.co/4y9YNXvF7S","1882356404868227079","https://pbs.twimg.com/media/Gh95J8na8AAjm7t.jpg","","in","Dibawah, Naungan Beringin","0","0","3","https://x.com/GolkarSolid/status/1882356404868227079","1563769423248642048","GolkarSolid"
"1882337220931076197","Thu Jan 23 07:59:00 +0000 2025","6","Menteri ESDM Bahlil Lahadalia Ungkap 60 Persen Proyek Pembangkit Listrik Bakal Diserahkan Ke Swasta #bahlillahadalia #kuningkeren #golkarindonesia #partaigolkar #golkarpedia https://t.co/0Mu5MFSffE","1882337220931076197","","","in","DKI Jakarta, Indonesia","0","2","45","https://x.com/golkarpedia/status/1882337220931076197","721898354502930433","golkarpedia"
"1882335232164245790","Thu Jan 23 07:51:06 +0000 2025","0","Jakarta - Menteri Energi dan Sumber Daya Mineral (ESDM) Bahlil Lahadalia menyatakan skema subsidi energi baru sudah dibahas Presiden Prabowo Subianto dalam Sidang Kabinet yang dilakukan Rabu kemarin.","1882335234563444840","","dimas_satura","in","","0","1","0","https://x.com/dimas_satura/status/1882335234563444840","1622939323036475393","dimas_satura"
"1882333745228763453","Thu Jan 23 07:45:11 +0000 2025","0","Menteri ESDM Bahlil Lahadalia menegaskan diskon tarif listrik tidak akan diperpanjang. Begini katanya: https://t.co/FHGI9oIDqv","1882333745228763453","","","in","Jakarta, Indonesia","0","0","0","https://x.com/detikfinance/status/1882333745228763453","135795460","detikfinance"
"1882320843583500765","Thu Jan 23 06:53:57 +0000 2025","0","Target tersebut dicanangkan setelah menerima laporan dari Menteri Energi dan Sumber Daya Mineral (ESDM) Bahlil Lahadalia tentang masih adanya ribuan dusun yang belum terlistriki.","1882320850306957719","","SitiSumiran","in","","0","1","0","https://x.com/SitiSumiran/status/1882320850306957719","3706597332","SitiSumiran"
"1882320542021378427","Thu Jan 23 06:52:44 +0000 2025","0","Target tersebut dicanangkan setelah menerima laporan dari Menteri Energi dan Sumber Daya Mineral (ESDM) Bahlil Lahadalia tentang masih adanya ribuan dusun yang belum terlistriki.","1882320547205583155","","AndriK14567","in","","0","1","0","https://x.com/AndriK14567/status/1882320547205583155","3671916373","AndriK14567"
"1882315337880007002","Thu Jan 23 06:32:02 +0000 2025","5","Pemberian diskon tarif listrik sebesar 50% untuk pelanggan rumah tangga PT PLN dengan daya sampai dengan 2.200 VA tidak akan diperpanjang. Menteri Energi dan Sumber Daya Mineral (ESDM) Bahlil Lahadalia menegaskan insentif tersebut tetap hanya berlaku selama dua bulan yakni https://t.co/qdMAg5jhxb","1882315337880007002","https://pbs.twimg.com/media/Gh9TzKabgAA0nIa.jpg","","in","","0","4","1","https://x.com/Metro_TV/status/1882315337880007002","57261519","Metro_TV"
"1882305025570959773","Thu Jan 23 05:51:04 +0000 2025","0","Bahlil Sebut Diskon Tarif Listrik 50% Tak Diperpanjang Cuma 2 Bulan. Menteri Energi dan Sumber Daya Mineral (ESDM) Bahlil Lahadalia menegaskan diskon tarif listrik tidak akan diperpanjang. https://t.co/PodTeAaOxg","1882305025570959773","","","in","dʒəmɪrəˈwaɪ","0","0","0","https://x.com/drafdigital/status/1882305025570959773","7540702","drafdigital"
"1882286089295282186","Thu Jan 23 04:36:00 +0000 2025","0","Percepatan Hilirisasi dan Ketahanan Energi Nasional yang dipimpin oleh Menteri Energi dan Sumber Daya Mineral (ESDM) Bahlil Lahadalia dan beranggotakan sejumlah menteri dan pimpinan lembaga.","1882286134413394166","","SitiSumiran","in","","0","1","0","https://x.com/SitiSumiran/status/1882286134413394166","3706597332","SitiSumiran"
"1882286089295282186","Thu Jan 23 04:35:51 +0000 2025","0","Presiden Prabowo Subianto memerintahkan Ketua Satuan Tugas (Satgas) Percepatan Hilirisasi dan Ketahanan Energi Nasional Bahlil Lahadalia untuk mempercepat hilirisasi di sektor perikanan kehutanan pertanian minyak dan gas hingga mineral dan batu bara.","1882286096543056135","","SitiSumiran","in","","0","1","0","https://x.com/SitiSumiran/status/1882286096543056135","3706597332","SitiSumiran"
"1882280849728766043","Thu Jan 23 04:15:00 +0000 2025","0","Bahlil Lahadalia: HGBT tidak lagi 6 dolar AS https://t.co/q1p0lo7Iou","1882280849728766043","","","in","","0","0","0","https://x.com/RadioElshinta/status/1882280849728766043","121640063","RadioElshinta"
"1882279591580143763","Thu Jan 23 04:10:00 +0000 2025","1","Menteri Energi dan Sumber Daya Mineral (ESDM) Bahlil Lahadalia menegaskan bahwa pemberian diskon sebesar 50 persen untuk tarif listrik pelanggan rumah tangga PT PLN (Persero) dengan daya sampai dengan 2.200 VA tidak diperpanjang lebih dari dua bulan. https://t.co/lQI2X1vGhZ","1882279591580143763","","","in","Jakarta - Indonesia","0","0","0","https://x.com/mediaindonesia/status/1882279591580143763","68930552","mediaindonesia"
"1882268495695708421","Thu Jan 23 03:25:54 +0000 2025","0","Sentil Survei Celios Afandi Somar Anggap Bahlil Lahadalia Sudah On The Track https://t.co/22S8cjcq67 https://t.co/FhhmHgm7K8","1882268495695708421","https://pbs.twimg.com/media/Gh8pOMJbIAAVR54.jpg","","in","Jakarta","0","0","0","https://x.com/holopiscom/status/1882268495695708421","1366400664960573441","holopiscom"
"1882252351337312457","Thu Jan 23 03:25:30 +0000 2025","9","@satriohendri Bahlil lahadalia danmluhut bp pejabat yg doyan bicara nkri harga mati tetspi nyatanya nasionalisme mereka setipis kulit bawang dan patut dipertanyakan atas investasi mereka menjual bumi dan air i indonesia untuk memperkaya diri sendiri dan oligarkhi.","1882268393035948119","","satriohendri","in","","0","1","2","https://x.com/AlmuhadjirMuga/status/1882268393035948119","1554665962200506369","AlmuhadjirMuga"
"1882255684156498404","Thu Jan 23 02:35:00 +0000 2025","0","Menteri Energi dan Sumber Daya Mineral (ESDM) Bahlil Lahadalia menegaskan bahwa pemberian diskon tarif listrik sebesar 50% untuk pelanggan rumah tangga PT PLN dengan daya sampai dengan 2.200 VA tidak akan diperpanjang. https://t.co/qMT9iyty6P","1882255684156498404","","","in","Jakarta - Indonesia","0","0","0","https://x.com/mediaindonesia/status/1882255684156498404","68930552","mediaindonesia"
"1882252742393315546","Thu Jan 23 02:23:19 +0000 2025","0","Bahlil Lahadalia: Subsidi BBM Dievaluasi Diskon Listrik 50% Resmi Dihentikan! #BNetwork https://t.co/xQwu54orB7","1882252742393315546","","","in","Jakarta","0","0","0","https://x.com/Beritasatu/status/1882252742393315546","154102750","Beritasatu"
"1882241963686232148","Thu Jan 23 01:40:29 +0000 2025","0","Idrus Marham Kritik Hasil Survei Celios yang Sebut Bahlil Lahadalia Menteri Berkinerja Terburuk https://t.co/eEfsjL2gIG lewat @tribunnews","1882241963686232148","","","in","Indonesia","0","3","0","https://x.com/tribunnews/status/1882241963686232148","124171593","tribunnews"
"1882238894168780924","Thu Jan 23 01:28:17 +0000 2025","0","Bahlil Lahadalia: HGBT tidak lagi 6 dolar AS https://t.co/TlGJyIGg3k","1882238894168780924","","","in","Indonesia","0","0","0","https://x.com/webelshinta/status/1882238894168780924","1482999200988434435","webelshinta"
"1882230974228095349","Thu Jan 23 00:56:49 +0000 2025","1","Wakil Ketua Umum (Waketum) Partai Golkar Ace Syadzily Hasan mengklaim Ketua Umum Golkar Bahlil Lahadalia dipercaya untuk memegang program utama Presiden Prabowo Subianto. &lt; #Golkar #BahlilLahasalia #Prabowo https://t.co/y2WyiDg7ov","1882230974228095349","","","in","Jakarta","0","1","0","https://x.com/kompascom/status/1882230974228095349","23343960","kompascom"
"1882216425282290122","Wed Jan 22 23:59:00 +0000 2025","7","Menteri ESDM Bahlil Lahadalia Prioritaskan Kebutuhan Domestik Gas Untuk Energi dan Hilirisasi #bahlillahadalia #kuningkeren #golkarindonesia #partaigolkar #golkarpedia https://t.co/GwObDKtHsR","1882216425282290122","","","in","DKI Jakarta, Indonesia","0","0","47","https://x.com/golkarpedia/status/1882216425282290122","721898354502930433","golkarpedia"
"1882126088308212091","Wed Jan 22 18:00:02 +0000 2025","0","Menteri ESDM Bahlil Lahadalia: Transmisi Jadi Kendala Utama Pembangunan Energi Terbarukan https://t.co/YMA5MDhULR","1882126088308212091","","","in","Indonesia","0","1","4","https://x.com/politiknesiacom/status/1882126088308212091","1953620240","politiknesiacom"
"1882086522595541020","Wed Jan 22 15:22:49 +0000 2025","0","Budi Arie hingga Bahlil Lahadalia Harus Direshuffle https://t.co/EZHxDH7QkW","1882086522595541020","","","in","Indonesia","0","0","0","https://x.com/orinews_id/status/1882086522595541020","1684853408707248128","orinews_id"
"1882082554486120499","Wed Jan 22 15:07:03 +0000 2025","0","Golkar Kritik Lembaga Survei yang Sebut Menteri ESDM Bahlil Lahadalia Berkinerja Buruk https://t.co/oUDhnFilV3","1882082554486120499","","","in","Indonesia","0","0","0","https://x.com/rmol_id/status/1882082554486120499","990237626","rmol_id"
"1882074587279847618","Wed Jan 22 14:35:23 +0000 2025","1","Menteri ESDM Bahlil Lahadalia mengatakan bahwa pengembangan infrastruktur ketenagalistrikan berbasis energi secara masif adalah kunci untuk mendukung swasembada energi. #PLNUntukIndonesia #LVMenFW25 #bolukartalkaya https://t.co/HVj2ElyqBE","1882074587279847618","https://pbs.twimg.com/media/Gh5422cawAAFISe.jpg","","in","","0","0","0","https://x.com/resa_gita23/status/1882074587279847618","1729525065107312640","resa_gita23"
"1882060141857739180","Wed Jan 22 13:37:59 +0000 2025","26","Idrus Marham Kritik Survei Celios yang Beri Rapor Merah ke Bahlil Lahadalia https://t.co/vWkI5IvpRm","1882060141857739180","","","in","-6.252543,106.806343","1","16","6","https://x.com/alisyarief/status/1882060141857739180","30201110","alisyarief"
"1882050584674725920","Wed Jan 22 13:00:00 +0000 2025","1","Menteri ESDM Bahlil Lahadalia: 60 Persen Proyek Pembangkit Listrik Bakal Diserahkan Ke Swasta https://t.co/EXbI5UU2Ts","1882050584674725920","","","in","Indonesia","0","0","4","https://x.com/politiknesiacom/status/1882050584674725920","1953620240","politiknesiacom"
"1882049944045113426","Wed Jan 22 12:57:28 +0000 2025","14","Menteri ESDM Bahlil Lahadalia Masuk Katagori Menteri Terburuk Golkar Sebut Survei Tidak Objektif | #BahlilLahadalia #MenteriTerburuk #Golkar https://t.co/Adck4nPl4b","1882049944045113426","","","in","Jakarta","3","6","1","https://x.com/kompascom/status/1882049944045113426","23343960","kompascom"
"1882046642347737573","Wed Jan 22 12:44:20 +0000 2025","0","3.2 GIGAWATT DIRESMIKAN! Presiden Republik Indonesia Prabowo Subianto beserta Menteri ESDM Bahlil Lahadalia meresmikan 26 pembangkit listrik dari total 37 Proyek ketenagalistrikan. https://t.co/RaIWMfwqJ7 #EnergiPunyaSemua #KemandirianEnergi #SwasembadaEnergi https://t.co/ZysGvXcQG0","1882046642347737573","https://pbs.twimg.com/ext_tw_video_thumb/1882046455734796288/pu/img/NQe54VnbU7wa9YV5.jpg","","in","Jl Brigjend H Hasan Basri No.4","0","0","0","https://x.com/pln_kotabaru/status/1882046642347737573","1724276263685345280","pln_kotabaru"
"1882017718502842662","Wed Jan 22 10:49:24 +0000 2025","0","3.2 GIGAWATT DIRESMIKAN! Presiden Republik Indonesia Prabowo Subianto beserta Menteri ESDM Bahlil Lahadalia meresmikan 26 pembangkit listrik dari total 37 Proyek ketenagalistrikan dengan total kapasitas 3 2 gigawatt tersebar di 18 provinsi di Indonesia. #SwasembadaEnergi https://t.co/tijLVTCJMF","1882017718502842662","https://pbs.twimg.com/ext_tw_video_thumb/1882017626471485440/pu/img/0FzcsIgeakMWCOpT.jpg","","in","Dr Wahidin No. 08 Sumbar ","0","0","0","https://x.com/plnsumbar/status/1882017718502842662","1352153629931708416","plnsumbar"
"1882011499688034376","Wed Jan 22 10:24:42 +0000 2025","2","Aku sering insecure ngerasa jelek banget apalagi ngeliat followingku pada cakep-cakep .....tapi selalu inget ada bahlil lahadalia ku jadi ngerasa gak jelek-jelek amat","1882011499688034376","","","in","Jakarta Capital Region","0","1","0","https://x.com/MukaPakKusir/status/1882011499688034376","1346415859758026752","MukaPakKusir"
"1882010405620572522","Wed Jan 22 10:20:21 +0000 2025","0","Budie Arie hingga Bahlil Lahadalia Harus Direshuffle - https://t.co/nikviOolLZ","1882010405620572522","","","in","Ponorogo, Indonesia","0","0","0","https://x.com/Ponorogo_Berkah/status/1882010405620572522","959859070575394816","Ponorogo_Berkah"
"1881967431578775566","Wed Jan 22 07:29:35 +0000 2025","0","3.2 GIGAWATT DIRESMIKAN! Presiden Republik Indonesia Prabowo Subianto beserta Menteri ESDM Bahlil Lahadalia meresmikan 26 pembangkit listrik dari total 37 Proyek ketenagalistrikan dengan total kapasitas 3 2 gigawatt tersebar di 18 provinsi di Indonesia. Yang membanggakan https://t.co/NTSql9owua","1881967431578775566","https://pbs.twimg.com/ext_tw_video_thumb/1881967172286857216/pu/img/IeVNbbs42FKIpNGp.jpg","","in","Jl. Letjen Hertasning Blok B ","0","1","0","https://x.com/pln_sulselrabar/status/1881967431578775566","1247046796653690880","pln_sulselrabar"
"1881946868214820901","Wed Jan 22 06:07:52 +0000 2025","0","Budie Arie hingga Bahlil Lahadalia Harus Direshuffle https://t.co/6DpflkwDUM","1881946868214820901","","","in","KM50","0","0","0","https://x.com/Owwalaah/status/1881946868214820901","1316223188519383040","Owwalaah"
"1881940360831827992","Wed Jan 22 05:42:01 +0000 2025","257","Budie Arie hingga Bahlil Lahadalia Harus Direshuffle https://t.co/8Q0rv0VlOB","1881940360831827992","","","in","Indonesia","8","17","81","https://x.com/geloraco/status/1881940360831827992","3319260420","geloraco"
"1881934816708579572","Wed Jan 22 05:19:59 +0000 2025","802","Budie Arie hingga Bahlil Lahadalia Harus Direshuffle https://t.co/9hFdVtONA0","1881934816708579572","","","in","","11","37","286","https://x.com/OposisiCerdas/status/1881934816708579572","887743587579944960","OposisiCerdas"
"1881925307403473140","Wed Jan 22 04:42:12 +0000 2025","1833","Budie Arie hingga Bahlil Lahadalia Harus Direshuffle https://t.co/XsfEJPtHcc","1881925307403473140","","","in","Indonesia","21","62","662","https://x.com/rmol_id/status/1881925307403473140","990237626","rmol_id"
"1881898467515408573","Wed Jan 22 02:55:33 +0000 2025","0","Presiden Republik Indonesia Prabowo Subianto beserta Menteri ESDM Bahlil Lahadalia meresmikan 26 pembangkit listrik dari total 37 Proyek ketenagalistrikan dengan total kapasitas 3 2 gigawatt tersebar di 18 provinsi di Indonesia. #Reposting @KementerianESDM https://t.co/WfbxuHNGQc","1881898467515408573","https://pbs.twimg.com/ext_tw_video_thumb/1881898412872003585/pu/img/qOf52jFhpR3noZUS.jpg","","in","","0","0","0","https://x.com/desdmkalteng/status/1881898467515408573","1517344096003579905","desdmkalteng"
"1881771242685895099","Tue Jan 21 18:30:00 +0000 2025","1","Menteri ESDM Bahlil Lahadalia Prioritaskan Kebutuhan Domestik Gas Untuk Energi dan Hilirisasi https://t.co/AUmnoQW2Ap","1881771242685895099","","","in","Indonesia","0","0","4","https://x.com/politiknesiacom/status/1881771242685895099","1953620240","politiknesiacom"
"1881752711596548606","Tue Jan 21 17:16:22 +0000 2025","0","Menteri ESDM Bahlil Lahadalia mengungkapkan kendala pembangunan pembangkit listrik di Indonesia akibat jaringan transmisi yang belum memadai. Seperti apa? https://t.co/K8SHOq2lha","1881752711596548606","","","in","Jakarta, Indonesia","0","0","0","https://x.com/detikfinance/status/1881752711596548606","135795460","detikfinance"
"1881748602844016745","Tue Jan 21 17:00:02 +0000 2025","1","Menteri ESDM Bahlil Lahadalia: Konsumsi Listrik Harus di Level 6.000-6.500 kVa per Kapita Agar Ekonomi Tumbuh 8 Persen https://t.co/RxmOgbYFJv","1881748602844016745","","","in","Indonesia","0","0","1","https://x.com/politiknesiacom/status/1881748602844016745","1953620240","politiknesiacom"
"1881748341093970256","Tue Jan 21 16:59:00 +0000 2025","6","Bahlil Lahadalia: 50 Persen Kader Partai Golkar di Kabinet Prabowo Dari Ormas MKGR #bahlillahadalia #kuningkeren #golkarindonesia #partaigolkar #golkarpedia https://t.co/b3cAIC7UTj","1881748341093970256","","","in","DKI Jakarta, Indonesia","0","1","41","https://x.com/golkarpedia/status/1881748341093970256","721898354502930433","golkarpedia"
"1881733241733808434","Tue Jan 21 15:59:00 +0000 2025","7","Menteri ESDM Bahlil Lahadalia Sebut Impor Minyak Bikin Indonesia Rugi Rp. 500 Triliun Per Tahun #bahlillahadalia #kuningkeren #golkarindonesia #partaigolkar #golkarpedia https://t.co/c0YzKfHdr9","1881733241733808434","","","in","DKI Jakarta, Indonesia","0","1","42","https://x.com/golkarpedia/status/1881733241733808434","721898354502930433","golkarpedia"
"1881703606363345356","Tue Jan 21 14:01:14 +0000 2025","2","Menteri ESDM Bahlil Lahadalia Prioritaskan Kebutuhan Domestik Gas Untuk Energi dan Hilirisasi https://t.co/K2xMrtQOOk #partaigolkar #golkarpedia #bahlillahadalia #golkarindonesia #BahlilLahadalia https://t.co/uoY3ReQ2UC","1881703606363345356","https://pbs.twimg.com/media/Gh0ndTYaIAAjN_A.jpg","","in","","0","0","4","https://x.com/Golkar_News/status/1881703606363345356","1576559606083424256","Golkar_News"
"1881703298299801913","Tue Jan 21 14:00:01 +0000 2025","1","Menteri ESDM Bahlil Lahadalia Dipanggil Prabowo Ditarget Lifting Minyak Tembus 1 Juta Barel https://t.co/3XM3gQGfuo","1881703298299801913","","","in","Indonesia","0","0","4","https://x.com/politiknesiacom/status/1881703298299801913","1953620240","politiknesiacom"
"1881692983801901192","Tue Jan 21 13:19:02 +0000 2025","1","Presiden Republik Indonesia Prabowo Subianto didampingi Menteri ESDM Bahlil Lahadalia meresmikan 37 proyek strategis ketenagalistrikan yang dipusatkan di Pembangkit Listrik Tenaga Air Jatigede Sumedang Jawa Barat #PLNuntukIndonesia #GranHermano #Trump https://t.co/Wh93GeOXjC","1881692983801901192","https://pbs.twimg.com/media/Gh0dygvaMAAzR6y.jpg","","in","","0","0","0","https://x.com/fitri_yaaaa/status/1881692983801901192","1663916342527811586","fitri_yaaaa"
"1881689326754595287","Tue Jan 21 13:04:30 +0000 2025","1","Menteri Energi dan Sumber Daya Mineral Bahlil Lahadalia menggelar rapat perdana satuan tugas atau Satgas Percepatan Hilirisasi dan Ketahanan Energi Nasional. #im_nusantara #prabowo #bahlil #hilirisasi #esdm #terkini #terbaru #beranda #berita #fyp https://t.co/5I9An734ju","1881689326754595287","https://pbs.twimg.com/ext_tw_video_thumb/1881689243191500801/pu/img/kO3Us5XISmvDhwQr.jpg","","in","","0","0","0","https://x.com/imnusantara_/status/1881689326754595287","1867165370047725568","imnusantara_"
"1881680645056778598","Tue Jan 21 12:30:00 +0000 2025","0","Menteri ESDM Bahlil Lahadalia Sebut Pabrik Metanol Rp. 19 Triliun di Bojonegoro Dibangun Investor Lokal https://t.co/c6lXWiLMlF","1881680645056778598","","","in","Indonesia","0","0","3","https://x.com/politiknesiacom/status/1881680645056778598","1953620240","politiknesiacom"
"1881661839618277727","Tue Jan 21 11:15:16 +0000 2025","1","Kinerja Bahlil Lahadalia di 100 Hari Pertama Pemerintahan Prabowo-Gibran Dapat Rapor Merah https://t.co/8WPeCLUpES lewat @tribunnews","1881661839618277727","","","in","Indonesia","0","0","0","https://x.com/tribunnews/status/1881661839618277727","124171593","tribunnews"
"1881557385887760654","Tue Jan 21 09:56:50 +0000 2025","0","@bumnbersatu @prabowo 1. Kapolri 2. Airlangga Hartarto 3. Bahlil Lahadalia 4. Satryo Brodjonegoro 5. Menteri Desa Tertinggal 6. Budi Arie 7. Ketua DEN Ada lagi pemirsa?","1881642101164867838","","bumnbersatu","in","Jakarta Capital Region, Indone","0","0","0","https://x.com/txtdrjohn/status/1881642101164867838","1630117613690036224","txtdrjohn"
"1881635386071617541","Tue Jan 21 09:30:19 +0000 2025","0","Presiden Prabowo Subianto resmi membentuk Satuan Tugas (Satgas) Percepatan Hilirisasi dan Ketahanan Energi Nasional yang dipimpin oleh Menteri Energi dan Sumber Daya Mineral (ESDM) Bahlil Lahadalia dan beranggotakan sejumlah menteri dan pimpinan lembaga.","1881635427737907673","","KelilingDokter","in","","0","1","0","https://x.com/KelilingDokter/status/1881635427737907673","1585179428174594049","KelilingDokter"
"1881635386071617541","Tue Jan 21 09:30:10 +0000 2025","0","Presiden Prabowo Subianto memerintahkan Ketua Satuan Tugas (Satgas) Percepatan Hilirisasi dan Ketahanan Energi Nasional Bahlil Lahadalia untuk mempercepat hilirisasi di sektor perikanan kehutanan pertanian minyak dan gas hingga mineral dan batu bara.","1881635388042981589","","KelilingDokter","in","","0","1","0","https://x.com/KelilingDokter/status/1881635388042981589","1585179428174594049","KelilingDokter"
"1881635346666139654","Tue Jan 21 09:30:00 +0000 2025","1","Menteri ESDM Bahlil Lahadalia Sebut Negara Rugi Rp. 500 Triliun Karena Sering Impor Minyak https://t.co/13WskN72Tt","1881635346666139654","","","in","Indonesia","0","0","4","https://x.com/politiknesiacom/status/1881635346666139654","1953620240","politiknesiacom"
"1881628565470622009","Tue Jan 21 09:03:03 +0000 2025","0","Menteri ESDM Bahlil Lahadalia Prioritaskan Kebutuhan Domestik Gas Untuk Energi dan Hilirisasi #partaigolkar #golkarindonesia #bahlillahadalia #golkarpedia #GolkarSolid https://t.co/T4mOSfm4D0 https://t.co/k5nXE33zZD","1881628565470622009","https://pbs.twimg.com/media/GhzjLVdboAACIzE.jpg","","in","Dibawah, Naungan Beringin","0","0","3","https://x.com/GolkarSolid/status/1881628565470622009","1563769423248642048","GolkarSolid"
"1881627810277515741","Tue Jan 21 09:00:03 +0000 2025","0","Bahlil Lahadalia Ungkap Setengah Kader Partai Golkar di Kabinet Prabowo Dari Ormas MKGR https://t.co/nhwMjNin87","1881627810277515741","","","in","Indonesia","0","0","4","https://x.com/politiknesiacom/status/1881627810277515741","1953620240","politiknesiacom"
"1881622777834193260","Tue Jan 21 08:40:03 +0000 2025","0","Bahlil Ungkap Kendala Pembangunan Pembangkit EBT di Indonesia. Menteri ESDM Bahlil Lahadalia mengungkapkan kendala pembangunan pembangkit listrik di Indonesia akibat jaringan transmisi yang belum memadai. https://t.co/zQjufmpqog","1881622777834193260","","","in","dʒəmɪrəˈwaɪ","0","0","0","https://x.com/drafdigital/status/1881622777834193260","7540702","drafdigital"
"1881617949011878057","Tue Jan 21 08:20:52 +0000 2025","0","Menteri ESDM Bahlil Lahadalia mengungkap kemungkinan untuk menutup keran ekspor gas demi memenuhi kebutuhan dalam negeri..... #MenteriESDM #EksporGas https://t.co/NxPcIjFXo3","1881617949011878057","","","in","","0","0","0","https://x.com/IdChannel9/status/1881617949011878057","1154685827206635522","IdChannel9"
"1881616733980840192","Tue Jan 21 08:16:02 +0000 2025","760","Inilah momen Menteri Energi dan Sumber Daya Mineral Bahlil Lahadalia dan Menteri BUMN Erick Thohir tertawa saat Presiden Prabowo Subianto menyinggung soal program makan bergizi gratis. | #MakanBergiziGratis #PrabowoSubianto #BahlilLahadalia #ErickThohir https://t.co/ErF2hYGpaZ","1881616733980840192","https://pbs.twimg.com/media/GhzXd7Ya0AAvfKD.jpg","","in","Jakarta","76","151","333","https://x.com/kompascom/status/1881616733980840192","23343960","kompascom"
"1881612445422399560","Tue Jan 21 07:59:00 +0000 2025","6","Bahlil Lahadalia: Sekarang Pertarungan Kita Bukan Lagi Soal Ideologi #bahlillahadalia #kuningkeren #golkarindonesia #partaigolkar #golkarpedia https://t.co/5uZEfYRj5w","1881612445422399560","","","in","DKI Jakarta, Indonesia","0","0","44","https://x.com/golkarpedia/status/1881612445422399560","721898354502930433","golkarpedia"
"1881593822771081234","Tue Jan 21 06:45:00 +0000 2025","1","Menteri Energi dan Sumber Daya Mineral (ESDM) Bahlil Lahadalia mengungkapkan saat ini ada 1 3 juta rumah tangga di Indonesia yang belum mendapatkan akses listrik dari PLN. Jutaan rumah tangga tersebut tersebar di 6.700 dusun yang berada di 340 kecamatan. #SmartNews @kompascom https://t.co/OBSIigZmmC","1881593822771081234","https://pbs.twimg.com/media/GhyJL83bUAABgSV.jpg","","in","Jl. Kebahagiaan No.4-14Jakarta","0","0","0","https://x.com/RadioSmartFM/status/1881593822771081234","177084452","RadioSmartFM"
"1881565129374081117","Tue Jan 21 04:50:59 +0000 2025","1","Bahlil Lahadalia Sambut Utusan Cina Liu Jianchao Menteri ATR/BPN Nusron Wahid #golkarindonesia #golkarsolid #golkarpedia #bahlillahadalia https://t.co/oxWAJF5ugK","1881565129374081117","https://pbs.twimg.com/ext_tw_video_thumb/1881565057257279488/pu/img/Xxwat-aSobAg0C-A.jpg","","in","","0","0","3","https://x.com/squadgolkar/status/1881565129374081117","1593171387057049600","squadgolkar"
"1881559848762093867","Tue Jan 21 04:30:00 +0000 2025","7","Skema Baru Penyaluran BBM Menteri ESDM Bahlil Lahadalia Masih Tunggu Data BPS #bahlillahadalia #kuningkeren #golkarindonesia #partaigolkar #golkarpedia https://t.co/36aMXqPffw","1881559848762093867","","","in","DKI Jakarta, Indonesia","0","0","45","https://x.com/golkarpedia/status/1881559848762093867","721898354502930433","golkarpedia"
"1881557249606516896","Tue Jan 21 04:19:40 +0000 2025","1","Menteri Energi dan Sumber Daya Mineral (ESDM) Bahlil Lahadalia menyebut Indonesia rugi Rp 500 triliun per tahun gegara masih mengimpor minyak karena produksi yang rendah. Bahlil menjelaskan saat ini lifting minyak di Indonesia sudah anjlok ke level yang sangat rendah. Per hari https://t.co/mVWJSJnDc2","1881557249606516896","https://pbs.twimg.com/media/GhyiWDZbsAAQhpt.jpg","","in","","0","1","0","https://x.com/inilahdotcom/status/1881557249606516896","46693036","inilahdotcom"
"1881548927377592652","Tue Jan 21 03:46:36 +0000 2025","1","Menteri ESDM Bahlil Lahadalia memastikan perusahaan swasta mendapat karpet merah untuk membangun pembangkit ketenagalistrikan baru. https://t.co/ceruFLMkO0 https://t.co/h3Op9bfjZ4","1881548927377592652","https://pbs.twimg.com/media/Ghyat7LasAAXdDH.jpg","","in","Jakarta Capital Region","0","0","0","https://x.com/idx_channel/status/1881548927377592652","4755284968","idx_channel"
"1881522104635691143","Tue Jan 21 02:00:01 +0000 2025","1","Bahlil Lahadalia Minta Acara Kader Partai Golkar di DPR Diawali Baca Al-Quran: Biar Insaf Semua! https://t.co/FCqwZUaiSs","1881522104635691143","","","in","","0","0","4","https://x.com/radaraktual/status/1881522104635691143","853782937782714368","radaraktual"
"1881521848376062276","Tue Jan 21 01:59:00 +0000 2025","6","Ormas MKGR Sepakat Angkat Bahlil Lahadalia Sebagai Ketua Dewan Kehormatan #bahlillahadalia #kuningkeren #golkarindonesia #partaigolkar #golkarpedia https://t.co/LJkQFPWase","1881521848376062276","","","in","DKI Jakarta, Indonesia","0","0","46","https://x.com/golkarpedia/status/1881521848376062276","721898354502930433","golkarpedia"
"1881506748928053594","Tue Jan 21 00:59:00 +0000 2025","5","Meski Batal Hadir Bahlil Lahadalia Ungkap Gibran Makin Cinta Ormas MKGR #bahlillahadalia #kuningkeren #golkarindonesia #partaigolkar #golkarpedia https://t.co/vzWc0lGga6","1881506748928053594","","","in","DKI Jakarta, Indonesia","0","0","43","https://x.com/golkarpedia/status/1881506748928053594","721898354502930433","golkarpedia"
"1881491649362383161","Mon Jan 20 23:59:00 +0000 2025","6","Bahlil Lahadalia Minta Kader Partai Golkar Tiap Acara DPR Diawali Baca Ayat Al-Quran: Biar Aman Negara #bahlillahadalia #kuningkeren #golkarindonesia #partaigolkar #golkarpedia https://t.co/l8cXkyni3W","1881491649362383161","","","in","DKI Jakarta, Indonesia","0","1","43","https://x.com/golkarpedia/status/1881491649362383161","721898354502930433","golkarpedia"
"1881408854522569099","Mon Jan 20 18:30:00 +0000 2025","0","Bahlil Lahadalia Beri Sinyal Gibran Dapat KTA Partai Golkar di HUT Ke-66 Ormas MKGR https://t.co/b9tbj5xfzC","1881408854522569099","","","in","","0","0","0","https://x.com/radaraktual/status/1881408854522569099","853782937782714368","radaraktual"
"1881395491407384645","Mon Jan 20 17:36:54 +0000 2025","0","bahlil lahadalia https://t.co/vnlTufzaCX","1881395491407384645","https://pbs.twimg.com/media/GhwPOTva4AApc-n.jpg","","in","","0","0","0","https://x.com/Daipaaaaw/status/1881395491407384645","1405823223661416453","Daipaaaaw"
"1881348609590939796","Mon Jan 20 14:30:36 +0000 2025","6","Menteri ESDM Bahlil Lahadalia memberi sinyal bakal menyetop ekspor gas alam cair atau liquefied natural gas (LNG). https://t.co/wMvLsXYCcD","1881348609590939796","","","in","Jakarta, Indonesia","1","2","1","https://x.com/detikfinance/status/1881348609590939796","135795460","detikfinance"
"1881156868841869689","Mon Jan 20 14:09:32 +0000 2025","0","@LovelySinaga79 Sri Mulyani Erick Tohir Tito Karnavian Sakti Bahlil Lahadalia","1881343305717514730","","LovelySinaga79","in","jakarta, indonesia","0","0","0","https://x.com/himura89517038/status/1881343305717514730","3320749574","himura89517038"
"1881339703661887803","Mon Jan 20 13:55:13 +0000 2025","0","Bahlil Lahadalia baru-baru ini memberikan laporan kepada Presiden Prabowo Subianto mengenai perkembangan energi kelistrikan di Indonesia https://t.co/ykVUGbPNr0","1881339703661887803","","","in","","0","0","0","https://x.com/garfacali/status/1881339703661887803","1753496448380145664","garfacali"
"1881332990560907487","Mon Jan 20 13:28:33 +0000 2025","5"," Semoga perempuan hebat di seluruh Indonesia selalu berperan dalam mendukung tiap gerak langkah pasangan hidupnya untuk mewujudkan pengabdian terbaik pada bangsa dan negara Ketua Umum DPP Partai Golkar Bahlil Lahadalia https://t.co/P19JZvgfDv #partaigolkar #golkarindonesia https://t.co/v0fuQ6BgtM","1881332990560907487","https://pbs.twimg.com/media/GhvWYmxaAAAGoh2.jpg","","in","DKI Jakarta, Indonesia","0","0","44","https://x.com/golkarpedia/status/1881332990560907487","721898354502930433","golkarpedia"
"1881321421403832417","Mon Jan 20 12:42:34 +0000 2025","1","Menuju Kemandirian Energi 37 Proyek Ketenagalistrikan Telah Diresmikan Halo Sobat Energi Presiden Prabowo Subianto bersama Menteri ESDM Bahlil Lahadalia telah resmikan 37 proyek strategis ketenagalistrikan dengan total kapasitas 3 2 gigawatt (GW) https://t.co/q0IwYICQRV","1881321421403832417","https://pbs.twimg.com/media/GhvL25xa0AAeHuk.jpg","","in","Jakarta Pusat, DKI Jakarta","0","2","0","https://x.com/KementerianESDM/status/1881321421403832417","1138467176","KementerianESDM"
"1881318355283644887","Mon Jan 20 12:30:23 +0000 2025","0","Menteri Energi dan Sumber Daya Mineral (ESDM) Bahlil Lahadalia menyampaikan saat ini masih ada sekitar 6.700 dusun atau desa yang belum teraliri listrik. Jumlah itu setara 1 3 juta rumah tangga belum bisa menikmati konsumsi listrik. https://t.co/7Q6R5tMDJf @AidilAKBAR","1881318355283644887","","","in","Jakarta Capital Region","0","0","0","https://x.com/keuangan_/status/1881318355283644887","1731964323566845952","keuangan_"
"1881295008529309777","Mon Jan 20 11:56:11 +0000 2025","0","4. Menteri Energi Sumber Daya Mineral : Bahlil Lahadalia yang mengungkapkan bahwa 8 Menteri dari Golkar di Kabinet Merah Putih ini adalah hasil tukar guling dengan jabatan Ketua MPR ","1881309746764058695","","lanjutkawal","in","","0","1","0","https://x.com/lanjutkawal/status/1881309746764058695","1880895937029308416","lanjutkawal"
"1881148740217794944","Mon Jan 20 10:18:07 +0000 2025","1","@CNNIndonesia PIK 2 masuk PSN atas usulan Sandiaga Uno disambut dan disetujui oleh Menteri Investasi/Kepala BKPM saat itu Bahlil Lahadalia. Jokowi di rapat kabinet perintahkan Airlangga untuk masukkan dalam PSN. Bagus kalau sekarang Pak Airlangga mau evaluasi.","1881285067806523808","","CNNIndonesia","in","Bekasi","0","1","2","https://x.com/NataRezha/status/1881285067806523808","358261338","NataRezha"
"1881275213717078089","Mon Jan 20 09:38:58 +0000 2025","1","Bahlil Lahadalia mengatakan pihaknya menargetkan masyarakat untuk menggunakan daya listrik sebesar 6.500 kilowatt-hour (kWh) per kapita untuk mencapai pertumbuhan ekonomi 8 persen sesuai Astacita Presiden. https://t.co/ObaSUT9Tzu","1881275213717078089","","","in","NKRI","1","0","0","https://x.com/antaranews/status/1881275213717078089","18071520","antaranews"
"1881272959840514099","Mon Jan 20 09:30:00 +0000 2025","1","Menteri ESDM Bahlil Lahadalia Bahas Kerjasama Investasi dan Hilirisasi Dengan Menteri Liu Jianchao https://t.co/gujSZoUv13","1881272959840514099","","","in","Indonesia","0","0","3","https://x.com/politiknesiacom/status/1881272959840514099","1953620240","politiknesiacom"
"1881251666034573794","Mon Jan 20 08:05:23 +0000 2025","0","Bahlil Lahadalia menyatakan dirinya berencana meminta seluruh konsesi gas yang ada di Tanah Air untuk memprioritaskan kebutuhan domestik khususnya untuk pemenuhan energi dan bahan baku hilirisasi. https://t.co/eR6ObEPySt","1881251666034573794","","","in","NKRI","0","0","1","https://x.com/antaranews/status/1881251666034573794","18071520","antaranews"
"1881250057283862534","Mon Jan 20 07:59:00 +0000 2025","5","Menteri ESDM Bahlil Lahadalia Sebut Pembangunan Pabrik Metanol di Bojonegoro Sepenuhnya Modal Investor Lokal #bahlillahadalia #kuningkeren #golkarindonesia #partaigolkar #golkarpedia https://t.co/KhZ1caECtq","1881250057283862534","","","in","DKI Jakarta, Indonesia","0","0","42","https://x.com/golkarpedia/status/1881250057283862534","721898354502930433","golkarpedia"
"1880910655617970590","Sun Jan 19 09:30:20 +0000 2025","3","Ormas MKGR Sepakat Angkat Bahlil Lahadalia Sebagai Ketua Dewan Kehormatan #partaigolkar #golkarindonesia #bahlillahadalia #golkarpedia #GolkarSolid https://t.co/c4kGKVMboM https://t.co/rjejNhZUzl","1880910655617970590","https://pbs.twimg.com/media/GhpWQvSaYAEFO_l.jpg","","in","Dibawah, Naungan Beringin","0","0","4","https://x.com/GolkarSolid/status/1880910655617970590","1563769423248642048","GolkarSolid"
"1880895712063541399","Sun Jan 19 08:30:57 +0000 2025","8","Ketua Umum Partai Golkar sekaligus Menteri Investasi Bahlil Lahadalia resmi disepakati sebagai Ketua Dewan Kehormatan DPP Ormas MKGR pada perayaan HUT ke-65 organisasi tersebut. Pengumuman ini disampaikan langsung oleh Ketua Umum DPP MKGR Adies Kadir yang menyatakan https://t.co/AvNoCZjsLM","1880895712063541399","https://pbs.twimg.com/media/GhpIquIboAA2bt5.jpg","","in","Pulo Gadung, Indonesia","0","6","2","https://x.com/tvOneNews/status/1880895712063541399","55507370","tvOneNews"
"1880895471620698218","Sun Jan 19 08:30:00 +0000 2025","2","Wapres Gibran Tidak Datang HUT ke-65 MKGR Begini Penjelasan Ketua Umum Golkar Bahlil Lahadalia https://t.co/QDAotbwBmE","1880895471620698218","","","in","Indonesia","0","0","0","https://x.com/KompasTV/status/1880895471620698218","71436318","KompasTV"
"1880889385144692925","Sun Jan 19 08:05:49 +0000 2025","0","Bahlil Lahadalia Minta Acara di DPR Diawali dengan Pembacaan Al-Quran @bahlillahadalia @DPR_RI https://t.co/eSs4SYlHez","1880889385144692925","","","in","","0","0","0","https://x.com/sinpotv/status/1880889385144692925","1012174601055449088","sinpotv"
"1880860494262906910","Sun Jan 19 06:11:01 +0000 2025","0","Rakernas Ormas MKGR 2025 Erwin Eka Kurniawan Siap Dukung dan Amankan DPP Golkar Dibawah Komando Bahlil Lahadalia Baca selengkapnya di https://t.co/G2J1OPiTrd #berita #hukum #politik #ekonomi https://t.co/7BXX43we8Q","1880860494262906910","https://pbs.twimg.com/ext_tw_video_thumb/1880860463849959424/pu/img/miJ7qUnde8iNxZGM.jpg","","in","","0","0","0","https://x.com/swarafakta_news/status/1880860494262906910","1846151276167680001","swarafakta_news"
"1880858109196771810","Sun Jan 19 06:01:32 +0000 2025","0","Menteri ESDM Bahlil Lahadalia ungkap Indonesia rugi Rp 500 triliun akibat impor minyak. https://t.co/lZiYMSyL1g","1880858109196771810","","","in","Jakarta, Indonesia","0","0","0","https://x.com/detikfinance/status/1880858109196771810","135795460","detikfinance"
"1880840024662650955","Sun Jan 19 04:49:40 +0000 2025","0","Ketua Umum DPP Partai Golkar Bahlil Lahadalia mengaku dirinya habis dipanggil Presiden Prabowo Subianto ke kediamannya di Hambalang Sentul Jawa Barat Sabtu (18/7/2025). https://t.co/CmAKaDKKK3 https://t.co/1CXqMNi5Uj","1880840024662650955","https://pbs.twimg.com/media/GhoV_RYbsAAT70s.jpg","","in","iNews Tower","1","0","0","https://x.com/officialinews_/status/1880840024662650955","132078023","officialinews_"
"1880829828515123241","Sun Jan 19 04:09:09 +0000 2025","0","Ketua Umum DPP Partai Golkar Bahlil Lahadalia mengungkapkan alasan Wakil Presiden Gibran Rakabuming Raka tidak menghadiri Hari Ulang Tahun (HUT) ke-65 Musyawarah Kekeluargaan Gotong Royong (MKGR). Padahal sebelumnya Gibran dikabarkan akan menghadiri HUT MKGR sebagai tanda https://t.co/l4FO1Of0f9","1880829828515123241","https://pbs.twimg.com/media/GhoMhKEb0AAe8i5.jpg","","in","Jakarta","0","1","0","https://x.com/KATADATAcoid/status/1880829828515123241","552523769","KATADATAcoid"
"1880827523342205044","Sun Jan 19 04:00:00 +0000 2025","44","Wakil Presiden Gibran Rakabuming Raka batal menghadiri HUT ke-65 Ormas MKGR. Ketum Partai Golkar Bahlil Lahadalia menyebut Gibran ada kecintaan dengan MKGR. https://t.co/eX4Q7bdNf7","1880827523342205044","https://pbs.twimg.com/ext_tw_video_thumb/1880797870078750720/pu/img/g4dCS9JpykD-xgYr.jpg","","in","","4","25","10","https://x.com/detikcom/status/1880827523342205044","69183155","detikcom"
"1880792291436065083","Sun Jan 19 01:40:00 +0000 2025","137","Bahlil Lahadalia mengaku termenung saat mendengar ayat suci Al-Quran dibacakan di HUT ke-65 MKGR. Bahlil meminta acara di DPR diawali juga membaca Al-Quran. https://t.co/s6MmrhXAOu","1880792291436065083","","","in","","41","245","23","https://x.com/detikcom/status/1880792291436065083","69183155","detikcom"
"1880789941401104594","Sun Jan 19 01:30:40 +0000 2025","4","Ketua Umum Partai Golkar Bahlil Lahadalia tampak tersentuh usai mendengar ayat suci Alquran yang dibacakan saat pembukaan HUT ke-65 Musyawarah Kekeluargaan Gotong Royong (MKGR) di Hotel Shangri La Jakarta Sabtu malam (18/1/2025). Menteri Energi dan Sumber Daya Mineral (ESDM) https://t.co/P5KQQv3bXW","1880789941401104594","https://pbs.twimg.com/media/GhnodpFXIAEi4aH.jpg","","in","Jakarta","1","1","1","https://x.com/liputan6dotcom/status/1880789941401104594","47596019","liputan6dotcom"
"1880605351323836576","Sun Jan 19 01:20:02 +0000 2025","2","@sujudsyukur12 @ruhulanakgaul Tambah lagi 1. Tito Karnavian 2. Luhut Binsar Panjaitan 3. Erick Thohir 4. Pratikno 5. Erlangga Hartarto 6. Dito 7. Zulkifli Hasan 8. Bahlil Lahadalia 9. Sri Mulyani 10. Listyo Sigit Prabowo 11. Wapres Gibran Rakabuming 12. Trenggono","1880787268212023618","","sujudsyukur12","in","Jakarta Capital Region","0","0","1","https://x.com/FurqanIbr64677/status/1880787268212023618","1669742231228682241","FurqanIbr64677"
"1880444269619736757","Sun Jan 19 00:06:13 +0000 2025","2","@regar_op0sisi Yeee bego. Usulan PSN PIK 2 itu datang dari Sandiaga Uno. Disetujui Menteri Investasi/Kepala BKPM saat itu. Karena ini pintu pertamanya. Siapa? Bahlil Lahadalia namanya. Baru dokumen semua PSN dari kementerian dikumpulkan di Kemenko untuk ditetapkan atas persetujuan presiden.","1880768689680871840","","regar_op0sisi","in","Bekasi","0","0","0","https://x.com/NataRezha/status/1880768689680871840","358261338","NataRezha"
"1880183309797630076","Sat Jan 18 20:47:58 +0000 2025","0","@Bang_Ramzan Usir Aguan PKI dari negara kita tangkap Joko Widodo aerlangga Hartarto Tito karnafian bahlil Lahadalia dll yg masih bergabung di kabinet Prabowo","1880718797952438296","","Bang_Ramzan","in","","0","0","0","https://x.com/AlkatiriIz60051/status/1880718797952438296","1811223659534766080","AlkatiriIz60051"
"1880672667038048680","Sat Jan 18 17:44:39 +0000 2025","0","Ketua Umum Partai Golkar Bahlil Lahadalia mewakili kehadiran Wakil Presiden Gibran Rakabuming Raka di HUT MKGR usai diperintahkan oleh Presiden Prabowo Subianto. #Polhuk #AdadiKompas https://t.co/mZ9W7yOvui","1880672667038048680","","","in","Palmerah, Jakarta","0","1","0","https://x.com/KompasData/status/1880672667038048680","771030588","KompasData"
"1880671350714474568","Sat Jan 18 17:39:25 +0000 2025","0","Ketua Umum Partai Golkar Bahlil Lahadalia mewakili kehadiran Wakil Presiden Gibran Rakabuming Raka di HUT MKGR usai diperintahkan oleh Presiden Prabowo Subianto. #Polhuk #AdadiKompas https://t.co/Hd13QaZlTT","1880671350714474568","","","in","Palmerah, Jakarta","0","0","0","https://x.com/hariankompas/status/1880671350714474568","255866913","hariankompas"
"1880628884338565579","Sat Jan 18 14:50:41 +0000 2025","0","Bahlil Lahadalia Hadiri Rakernas MPO dan HUT Ke-65 MKGR https://t.co/6fpMJDheZq","1880628884338565579","","","in","Bogor, Indonesia","0","0","0","https://x.com/MediaVoi/status/1880628884338565579","1578222594","MediaVoi"
"1880624653796073526","Sat Jan 18 14:33:52 +0000 2025","2","Menteri ESDM Bahlil Lahadalia Sebut Pemerintah Kehilangan Pendapatan Hingga Rp. 67 Triliun Untuk Program HGBT https://t.co/QcwhNFbexc #partaigolkar #golkarpedia #bahlillahadalia #golkarindonesia #BahlilLahadalia https://t.co/5ncuoONLqB","1880624653796073526","https://pbs.twimg.com/media/GhlSJ-XbcAAb5G3.jpg","","in","","0","0","1","https://x.com/Golkar_News/status/1880624653796073526","1576559606083424256","Golkar_News"
"1880580248603148373","Sat Jan 18 11:37:25 +0000 2025","0","Menteri Energi dan Sumber Daya Mineral (ESDM) Bahlil Lahadalia selaku ketua Satgas Percepatan Hilirisasi dan Ketahanan Energi Nasional membuka rapat perdana di Ruang Sarulla Kementerian ESDM. https://t.co/qjJtS9XtW9","1880580248603148373","https://pbs.twimg.com/media/Ghkpw0dawAIGjuh.jpg","","in","Jakarta Pusat, DKI Jakarta","2","4","0","https://x.com/KementerianESDM/status/1880580248603148373","1138467176","KementerianESDM"
"1880578382511099962","Sat Jan 18 11:30:00 +0000 2025","6","Menteri ESDM Bahlil Lahadalia Dorong Perbankan di Indonesia Biayai Proyek Hilirisasi #bahlillahadalia #kuningkeren #golkarindonesia #partaigolkar #golkarpedia https://t.co/shsYQxwL9p","1880578382511099962","","","in","DKI Jakarta, Indonesia","0","2","45","https://x.com/golkarpedia/status/1880578382511099962","721898354502930433","golkarpedia"
"1880525281959768543","Sat Jan 18 07:59:00 +0000 2025","6","Memahami Politik Kancil Bahlil Lahadalia #bahlillahadalia #kuningkeren #golkarindonesia #partaigolkar #golkarpedia https://t.co/uLUXfRXgwX","1880525281959768543","","","in","DKI Jakarta, Indonesia","0","0","41","https://x.com/golkarpedia/status/1880525281959768543","721898354502930433","golkarpedia"
"1880508853579837941","Sat Jan 18 06:53:43 +0000 2025","0","Ketua Satuan Tugas (Satgas) Percepatan Hilirisasi dan Ketahanan Energi Nasional Bahlil Lahadalia mengungkapkan pembangunan industri LPG domestik penting untuk mengurangi impor Liquefied Petroleum Gas (LPG) dalam rangka mewujudkan ketahanan energi. https://t.co/bffOqL5cC3","1880508853579837941","","","in","Denpasar, Bali","0","0","0","https://x.com/nusabalicom/status/1880508853579837941","2655442453","nusabalicom"
"1880495337967628391","Sat Jan 18 06:00:01 +0000 2025","0","Bahlil Lahadalia menyatakan bahwa Muhammadiyah akan memanfaatkan potensi tambang bekas PKP2B PT Adaro untuk pembangunan sosial. Update Kabar Baik","1880495337967628391","","","in","","0","0","0","https://x.com/sukurilahj/status/1880495337967628391","1693886794545471489","sukurilahj"
"1880457669481492906","Sat Jan 18 05:05:37 +0000 2025","3","@vincentrcrd Voice noise versi siapa? Versi Ari Dwipayana: Bahlil Lahadalia️ Sufmi Dasco Ahmad Pratikno","1880481650938945964","","vincentrcrd","in","Hindia Subianto","0","1","2","https://x.com/und_cuckoosnest/status/1880481650938945964","1760906635768410112","und_cuckoosnest"
"1880479983556243681","Sat Jan 18 04:59:00 +0000 2025","5","Menteri ESDM Bahlil Lahadalia Ungkap Hasil Pertemuan 3 Menteri: Bahas RUPTL PLN dan Tantangan Transisi Energi #bahlillahadalia #kuningkeren #golkarindonesia #partaigolkar #golkarpedia https://t.co/G8asn2lTOq","1880479983556243681","","","in","DKI Jakarta, Indonesia","0","1","41","https://x.com/golkarpedia/status/1880479983556243681","721898354502930433","golkarpedia"
"1880450044173906197","Sat Jan 18 03:00:02 +0000 2025","0","Menteri ESDM Bahlil Lahadalia Minta Dirjen Migas Baru Rampungkan Lelang 60 Blok Migas Hingga Tahun 2027 https://t.co/Gyq59EAPyH","1880450044173906197","","","in","Indonesia","0","0","1","https://x.com/politiknesiacom/status/1880450044173906197","1953620240","politiknesiacom"
"1880442487883313472","Sat Jan 18 02:30:00 +0000 2025","0","Menteri ESDM Bahlil Lahadalia Sebut 7 Sektor Industri Masih Terima HGBT Hingga 2025 https://t.co/thUUqV7eic","1880442487883313472","","","in","Indonesia","0","0","0","https://x.com/politiknesiacom/status/1880442487883313472","1953620240","politiknesiacom"
"1880424399087734960","Sat Jan 18 01:18:07 +0000 2025","1","Menteri ESDM Bahlil Lahadalia Dorong Perbankan di Indonesia Biayai Proyek Hilirisasi Menteri Energi dan Sumber Daya Mineral (ESDM) Bahlil Lahadalia https://t.co/B2jyfXIQo9 #golkarindonesia #golkarsolid #partaigolkar #golkarpedia #bahlillahadalia https://t.co/jR3EWnXBtT","1880424399087734960","https://pbs.twimg.com/media/GhicBppbgAIcL5Y.jpg","","in","","0","0","0","https://x.com/squadgolkar/status/1880424399087734960","1593171387057049600","squadgolkar"
"1880423515901297112","Sat Jan 18 01:14:37 +0000 2025","1","Kepastian Gibran masuk Golkar atau tidak menurut Ketua Umum Golkar Bahlil Lahadalia bisa dilihat saat perayaan HUT MKGR organisasi sayap Golkar malam nanti. #Polhuk #AdadiKompas https://t.co/DUyP61yJ2S","1880423515901297112","","","in","Palmerah, Jakarta","0","0","0","https://x.com/KompasData/status/1880423515901297112","771030588","KompasData"
"1880421172782788612","Sat Jan 18 01:05:18 +0000 2025","1","Kepastian Gibran masuk Golkar atau tidak menurut Ketua Umum Golkar Bahlil Lahadalia bisa dilihat saat perayaan HUT MKGR organisasi sayap Golkar malam nanti. #Polhuk #AdadiKompas https://t.co/rOhGmH7uHm","1880421172782788612","","","in","Palmerah, Jakarta","0","1","0","https://x.com/hariankompas/status/1880421172782788612","255866913","hariankompas"
"1880405788059193477","Sat Jan 18 00:04:10 +0000 2025","0","Isu Gibran Masuk Golkar lewat MKGR Ini Jawaban Ketum Golkar Bahlil Lahadalia MKGR salah satu organisasi sayap Golkar membuka pintu bagi siapa pun yang ingin bergabung termasuk Wapres Gibran Rakabuming Raka. Baca Kompas https://t.co/hGqE7BGnwN @hariankompas","1880405788059193477","","","in","","0","0","0","https://x.com/tatisamhadi/status/1880405788059193477","1445984430258982913","tatisamhadi"
"1880387213105721602","Fri Jan 17 22:50:22 +0000 2025","0","Isu Gibran Masuk Golkar lewat MKGR Ini Respons Bahlil Lahadalia https://t.co/kwtHNULAfM","1880387213105721602","","","in","Jakarta Pusat, DKI Jakarta","0","0","1","https://x.com/SINDOnews/status/1880387213105721602","231355136","SINDOnews"
"1880336790445568452","Fri Jan 17 19:30:00 +0000 2025","0","Menteri ESDM Bahlil Lahadalia Dorong Perbankan di Indonesia Biayai Proyek Hilirisasi https://t.co/niqXG7elOm","1880336790445568452","","","in","Indonesia","0","0","1","https://x.com/politiknesiacom/status/1880336790445568452","1953620240","politiknesiacom"
"1880272555774480700","Fri Jan 17 15:14:45 +0000 2025","0","Bahlil Lahadalia Bahas Kerja Sama Ekonomi dan Hilirisasi dengan Menteri IDCPC China Liu Jianchao https://t.co/aS0IoAc1dX https://t.co/dlM1iZrQyJ","1880272555774480700","https://pbs.twimg.com/media/GhgR7Fub0AAZDNT.jpg","","in","Jakarta Capital Region","0","0","0","https://x.com/suaraindonews_/status/1880272555774480700","887616625175707649","suaraindonews_"
"1880272270675034259","Fri Jan 17 15:13:37 +0000 2025","0","Bahlil Lahadalia Bahas Kerja Sama Ekonomi dan Hilirisasi dengan Menteri IDCPC China Liu Jianchao https://t.co/aS0IoAc1dX https://t.co/AlpCjURjyt","1880272270675034259","https://pbs.twimg.com/media/GhgRqeDacAAtn8a.jpg","","in","Jakarta Capital Region","0","0","0","https://x.com/suaraindonews_/status/1880272270675034259","887616625175707649","suaraindonews_"
"1880266787599839522","Fri Jan 17 14:51:50 +0000 2025","7","Bahlil Lahadalia Menteri Energi dan Sumber Daya Mineral (ESDM) pada Senin (13/1/2025) mengatakan bahwa dalam waktu dekat akan melakukan rapat dengan Badan Pusat Statistik (BPS) soal data penerima BLT. Bahlil pernah menyampaikan tiga opsi yang disiapkan pemerintah untuk mengubah https://t.co/y8NtqeDNoZ","1880266787599839522","https://pbs.twimg.com/media/GhgMqjpaAAAuVaP.jpg","","in","Kota Surabaya, Jawa Timur","1","0","1","https://x.com/e100ss/status/1880266787599839522","848614550","e100ss"
"1880252488810479726","Fri Jan 17 13:55:01 +0000 2025","0","Menteri ESDM Bahlil Lahadalia membeberkan permasalahan terkait sektor energi. Salah satunya terkait dengan impor LPG yang jauh lebih besar dari produksi. Seperti apa? https://t.co/HfMRLXoCJ9","1880252488810479726","","","in","Jakarta, Indonesia","0","0","0","https://x.com/detikfinance/status/1880252488810479726","135795460","detikfinance"
"1880220537693307351","Fri Jan 17 11:48:03 +0000 2025","0","Menteri ESDM sekaligus Ketua Satgas Percepatan Hilirisasi dan Ketahanan Energi Nasional Bahlil Lahadalia meminta perbankan dalam negeri untuk ikut terlibat dalam membiayai proyek hilirisasi..... #MenteriESDM #Hilirisasi #Perbankan https://t.co/8EGd13Z5xj","1880220537693307351","","","in","","0","0","0","https://x.com/IdChannel9/status/1880220537693307351","1154685827206635522","IdChannel9"
"1880193740167389635","Fri Jan 17 10:01:34 +0000 2025","0","Menteri ESDM Bahlil Lahadalia fokus pada pendanaan proyek hilirisasi dari lembaga keuangan dalam negeri mengurangi ketergantungan pada pihak asing. https://t.co/v6kSVmKf9u","1880193740167389635","","","in","Jakarta, Indonesia","0","0","0","https://x.com/detikfinance/status/1880193740167389635","135795460","detikfinance"
"1880176511346704723","Fri Jan 17 08:53:06 +0000 2025","0","Menteri ESDM Bahlil Lahadalia mengungkapkan bahwa pembangunan pabrik metanol dengan nilai investasi sekitar US$ 1 2 miliar atau setara Rp 19 triliun di Bojonegoro Jawa Timur akan didanai oleh investor dalam negeri. https://t.co/4l263vYYsA.","1880176511346704723","","","in","California","0","0","0","https://x.com/FrankyTts/status/1880176511346704723","106247388","FrankyTts"
"1880169891590005220","Fri Jan 17 08:26:48 +0000 2025","0","Menteri Energi dan Sumber Daya Mineral (ESDM) Bahlil Lahadalia mengungkapkan bahwa kebijakan Harga Gas Bumi Tertentu (HGBT) akan tetap berlanjut pada tahun 2025. https://t.co/ujgl0fh2hD","1880169891590005220","https://pbs.twimg.com/media/Ghe0bMHbEAA58WJ.jpg","","in","Indonesia","0","1","0","https://x.com/IDNFinancials/status/1880169891590005220","539575639","IDNFinancials"
"1880161560171356539","Fri Jan 17 07:53:42 +0000 2025","0","Bahlil Lahadalia mengungkapkan pembangunan industri LPG domestik penting untuk mengurangi impor Liquefied Petroleum Gas (LPG) dalam rangka mewujudkan ketahanan energi. https://t.co/23LCXyApW8","1880161560171356539","","","in","NKRI","0","0","0","https://x.com/antaranews/status/1880161560171356539","18071520","antaranews"
"1880156693650371002","Fri Jan 17 07:34:22 +0000 2025","2","Menteri Energi dan Sumber Daya Mineral (ESDM) Bahlil Lahadalia memimpin rapat perdana Satuan Tugas Percepatan Hilirisasi dan Ketahanan Energi Nasional di Kementerian ESDM Jakarta Jumat (17/1/2025). &lt; #BahlilLahadalia #SatgasHilirisasi https://t.co/tgH0JKB3fG","1880156693650371002","","","in","Jakarta","1","0","0","https://x.com/kompascom/status/1880156693650371002","23343960","kompascom"
"1880132695042162803","Fri Jan 17 05:59:00 +0000 2025","6","Menteri ESDM Bahlil Lahadalia Pimpin Rapat Bahas RUPTL 2025-2034 Dengan Sri Mulyani dan Erick Thohir #bahlillahadalia #kuningkeren #golkarindonesia #partaigolkar #golkarpedia https://t.co/UcaC6Rd3C2","1880132695042162803","","","in","DKI Jakarta, Indonesia","0","1","45","https://x.com/golkarpedia/status/1880132695042162803","721898354502930433","golkarpedia"
"1880087506479382730","Fri Jan 17 02:59:26 +0000 2025","0","Menteri Energi dan Sumber Daya Mineral (ESDM) Bahlil Lahadalia mengatakan skema baru penyaluran bahan bakar minyak atau BBM bersubsidi belum akan diumumkan dalam waktu dekat. Pasalnya data calon penerimanya belum klir. https://t.co/m4XmtThYv7","1880087506479382730","","","in","California","0","0","0","https://x.com/FrankyTts/status/1880087506479382730","106247388","FrankyTts"
"1879935581599490405","Thu Jan 16 16:55:44 +0000 2025","0","Menteri ESDM Bahlil Lahadalia meminta kepada Dirjen Migas yang baru dilantik untuk meningkatkan lifting minyak yang terus mengalami penurunan sementara konsumsi naik. #skkmigas #sobatmigas #skkmigastv #industrihulumigas #menteribahlil #liftingnaik https://t.co/6pYnuUG0Cd","1879935581599490405","https://pbs.twimg.com/ext_tw_video_thumb/1879935416859828224/pu/img/EM6HDZ5yWagl6eq2.jpg","","in","","0","0","0","https://x.com/sobatmigas/status/1879935581599490405","1748182488663633920","sobatmigas"
"1879921734637514805","Thu Jan 16 16:00:43 +0000 2025","8","GABUNG BRICS MENTERI ESDM BAHLIL LAHADALIA UNGKAP PELUANG INDONESIA IMPOR MINYAK DARI RUSIA #partaigolkar #golkarindonesia #golkarpedia #bahlillahadalia #brics #politik https://t.co/Cv8WUX2Xay","1879921734637514805","https://pbs.twimg.com/ext_tw_video_thumb/1879921665775448064/pu/img/Nwk_GEWeSvM1r6BT.jpg","","in","DKI Jakarta, Indonesia","0","0","44","https://x.com/golkarpedia/status/1879921734637514805","721898354502930433","golkarpedia"
"1879907583802122315","Thu Jan 16 15:04:29 +0000 2025","0","Bahlil Lahadalia berencana menertibkan kontraktor minyak dan gas (migas) yang tidak segera produksi padahal telah mendapatkan persetujuan rencana pengembangan. https://t.co/yzDQwfwkXK","1879907583802122315","","","in","Jakarta, Indonesia","0","0","0","https://x.com/detikfinance/status/1879907583802122315","135795460","detikfinance"
"1879905142356771116","Thu Jan 16 14:54:47 +0000 2025","0","Ini dia kelima Pejabat Tinggi atau Eselon 1 yang dilantik oleh Menteri Energi &amp; Sumber Daya Mineral (ESDM) Bahlil Lahadalia di antaranya: #skkmigas #sobatmigas #skkmigastv #menteriesdm #kementerianesdm #menteribahlil #industrihulumigas #hulumigasnasional #liftingnaik https://t.co/p9HFF8mvS2","1879905142356771116","https://pbs.twimg.com/ext_tw_video_thumb/1879905014266859520/pu/img/BwUAMG7VtNDq6RTj.jpg","","in","","0","0","0","https://x.com/sobatmigas/status/1879905142356771116","1748182488663633920","sobatmigas"
"1879899754181652829","Thu Jan 16 14:33:22 +0000 2025","0","Menteri ESDM Bahlil Lahadalia menyebut data penerima subsidi BBM skema baru ini masih tumpang tindih. https://t.co/ontjliQpJs","1879899754181652829","","","in","Jakarta, Indonesia","0","0","0","https://x.com/detikfinance/status/1879899754181652829","135795460","detikfinance"
"1879899720442917074","Thu Jan 16 14:33:14 +0000 2025","7"," Jika ada kesempatan penugasan baik posisi di pemerintahan maupun di legislatif saya berjanji untuk memprioritaskan kader perempuan Partai Golkar Ketua Umum DPP Partai Golkar Bahlil Lahadalia https://t.co/4MDTxZpkOO #partaigolkar #golkarindonesia #golkarpedia https://t.co/fFnduybIQU","1879899720442917074","https://pbs.twimg.com/media/Gha-1U2bgAARDU_.jpg","","in","DKI Jakarta, Indonesia","0","0","48","https://x.com/golkarpedia/status/1879899720442917074","721898354502930433","golkarpedia"
"1879891106550399154","Thu Jan 16 13:59:01 +0000 2025","0","Menteri Energi dan Sumber Daya Mineral (ESDM) Bahlil Lahadalia melantik 5 (lima) Pejabat Tinggi atau Eselon 1 di lingkungan Kementerian ESDM pada Kamis (16/1/2025) Jakarta. #skkmigas #sobatmigas #skkmigastv #industrihulumigas #menteriesdm #hulumigasnasional #liftingnaik https://t.co/rc4LvVw22R","1879891106550399154","https://pbs.twimg.com/ext_tw_video_thumb/1879890897284018176/pu/img/l66O6j8MYPp66TNP.jpg","","in","","0","0","0","https://x.com/sobatmigas/status/1879891106550399154","1748182488663633920","sobatmigas"
"1879891103245312068","Thu Jan 16 13:59:00 +0000 2025","7","Gubernur Riau Terpilih Abdul Wahid Temui Bahlil Lahadalia Hingga Airlangga Hartarto Bahas Pembangunan Ke Depan #bahlillahadalia #kuningkeren #golkarindonesia #partaigolkar #golkarpedia https://t.co/gqZy9NqyH2","1879891103245312068","","","in","DKI Jakarta, Indonesia","0","1","45","https://x.com/golkarpedia/status/1879891103245312068","721898354502930433","golkarpedia"
"1879890887452590485","Thu Jan 16 13:58:08 +0000 2025","3","Nasri Jalal Kepala Badan Pengelola Migas Aceh (BPMA). Menteri Energi dan Sumber Daya Mineral (ESDM) Bahlil Lahadalia melantik Nasri Jalal sebagai Kepala BPMA. Nasri menggantikan Teuku Mohammad Faisal. Bahlil minta Kepala BPMA menjalin komunikasi yang baik dengan Gubernur Aceh. https://t.co/V5yO8zgrjD","1879890887452590485","https://pbs.twimg.com/media/Gha2zJBa8AA2xYv.jpg","","in","Aceh, Indonesia","0","2","0","https://x.com/Aceh/status/1879890887452590485","9688522","Aceh"
"1879831868134297715","Thu Jan 16 10:03:37 +0000 2025","0","Another day another kebijakan aneh. Belum ada dua minggu aktif jadi ketua Bahlil Lahadalia udah bikin kebijakan yang aneh bin ajaib. Bank dan lembaga keuangan malah wajib biayain proyek investasi hilirisasi yang masih dukung energi kotor! Pak-bapak kalau boleh saran nih... https://t.co/PHbqG82Syv","1879831868134297715","https://pbs.twimg.com/amplify_video_thumb/1879831738215772160/img/ncgKn7MhGvTS8ZRX.jpg","","in","","0","0","0","https://x.com/kitadanbumi/status/1879831868134297715","1349974979647922178","kitadanbumi"
